// SPDX-License-Identifier: Zlib AND Apache-2.0 WITH LLVM-exception
/*
 * A generated wasm32 binary: zlib's inflate side plus this project's
 * freestanding guest shim, exporting
 * guest_zlib_run as the entry point and guest_zin / guest_zout / guest_zctrl
 * as the addresses of the staging buffers and the control block in guest
 * linear memory. The in-kernel wasm3 executes this module.
 *
 * Built from zlib's inflate-side sources at revision
 * e3dc0a85b7032e98380dec011bc8f2c2ee0d8fca. The compile was of the shape
 *
 *   clang --target=wasm32 -O2 -nostdlib \
 *       -Iexamples/wasm3 -Isrc/runtime/guest -Wl,--no-entry \
 *       -Wl,--export=guest_zlib_run -Wl,--export=guest_zin \
 *       -Wl,--export=guest_zout -Wl,--export=guest_zctrl \
 *       guest_zlib.c <zlib inflate sources> -o zlib_guest.wasm
 *
 * guest_zlib.c beside this header is that shim. Rebuilding also needs the
 * pinned upstream zlib source supplied as ZLIB_BPF_SOURCE_DIR (package.nix
 * records its revision and hash) and a compatible wasm32 Clang toolchain.
 *
 * The result was then dumped as this C array; the module's own producers
 * section names the Clang version that processed it.
 *
 * The zlib portion is an altered form of zlib — compiled to WebAssembly, not
 * changed in source — and this comment is the plain marking of that fact.
 *
 * Copyright (C) 1995-2026 Jean-loup Gailly and Mark Adler
 *
 * This software is provided 'as-is', without any express or implied warranty.
 * In no event will the authors be held liable for any damages arising from
 * the use of this software.
 *
 * Permission is granted to anyone to use this software for any purpose,
 * including commercial applications, and to alter it and redistribute it
 * freely, subject to the following restrictions:
 *
 * 1. The origin of this software must not be misrepresented; you must not
 *    claim that you wrote the original software. If you use this software in
 *    a product, an acknowledgment in the product documentation would be
 *    appreciated but is not required.
 * 2. Altered source versions must be plainly marked as such, and must not be
 *    misrepresented as being the original software.
 * 3. This notice may not be removed or altered from any source distribution.
 */
static const unsigned char zlib_wasm_module[] = {
    0x00, 0x61, 0x73, 0x6d, 0x01, 0x00, 0x00, 0x00, 0x01, 0x33, 0x08, 0x60, 0x02, 0x7f, 0x7f, 0x00, 0x60, 0x03, 0x7f, 0x7f, 0x7f, 0x01, 0x7f, 0x60, 0x00, 0x01,
    0x7f, 0x60, 0x02, 0x7f, 0x7f, 0x01, 0x7f, 0x60, 0x04, 0x7f, 0x7f, 0x7f, 0x7f, 0x01, 0x7f, 0x60, 0x06, 0x7f, 0x7f, 0x7f, 0x7f, 0x7f, 0x7f, 0x01, 0x7f, 0x60,
    0x01, 0x7f, 0x00, 0x60, 0x03, 0x7f, 0x7f, 0x7f, 0x00, 0x03, 0x11, 0x10, 0x02, 0x00, 0x01, 0x03, 0x04, 0x03, 0x01, 0x05, 0x06, 0x00, 0x01, 0x01, 0x01, 0x01,
    0x07, 0x00, 0x04, 0x05, 0x01, 0x70, 0x01, 0x03, 0x03, 0x05, 0x03, 0x01, 0x00, 0x10, 0x06, 0x1c, 0x04, 0x7f, 0x01, 0x41, 0xc0, 0xa7, 0x3c, 0x0b, 0x7f, 0x00,
    0x41, 0xa0, 0x27, 0x0b, 0x7f, 0x00, 0x41, 0xc0, 0xa7, 0x08, 0x0b, 0x7f, 0x00, 0x41, 0xa0, 0xa7, 0x08, 0x0b, 0x07, 0x42, 0x05, 0x06, 0x6d, 0x65, 0x6d, 0x6f,
    0x72, 0x79, 0x02, 0x00, 0x0e, 0x67, 0x75, 0x65, 0x73, 0x74, 0x5f, 0x7a, 0x6c, 0x69, 0x62, 0x5f, 0x72, 0x75, 0x6e, 0x00, 0x00, 0x09, 0x67, 0x75, 0x65, 0x73,
    0x74, 0x5f, 0x7a, 0x69, 0x6e, 0x03, 0x01, 0x0a, 0x67, 0x75, 0x65, 0x73, 0x74, 0x5f, 0x7a, 0x6f, 0x75, 0x74, 0x03, 0x02, 0x0b, 0x67, 0x75, 0x65, 0x73, 0x74,
    0x5f, 0x7a, 0x63, 0x74, 0x72, 0x6c, 0x03, 0x03, 0x09, 0x08, 0x01, 0x00, 0x41, 0x01, 0x0b, 0x02, 0x01, 0x02, 0x0a, 0x86, 0x8d, 0x01, 0x10, 0xe5, 0x01, 0x01,
    0x02, 0x7f, 0x23, 0x80, 0x80, 0x80, 0x80, 0x00, 0x41, 0xc0, 0x00, 0x6b, 0x22, 0x00, 0x24, 0x80, 0x80, 0x80, 0x80, 0x00, 0x41, 0x00, 0x21, 0x01, 0x41, 0x00,
    0x41, 0x00, 0x36, 0x02, 0x90, 0xa7, 0x80, 0x80, 0x00, 0x03, 0x40, 0x20, 0x00, 0x41, 0x08, 0x6a, 0x20, 0x01, 0x6a, 0x42, 0x00, 0x37, 0x02, 0x00, 0x20, 0x01,
    0x41, 0x08, 0x6a, 0x22, 0x01, 0x41, 0x38, 0x47, 0x0d, 0x00, 0x0b, 0x20, 0x00, 0x41, 0x81, 0x80, 0x80, 0x80, 0x00, 0x36, 0x02, 0x2c, 0x20, 0x00, 0x41, 0x82,
    0x80, 0x80, 0x80, 0x00, 0x36, 0x02, 0x28, 0x20, 0x00, 0x41, 0xa0, 0xa7, 0x80, 0x80, 0x00, 0x36, 0x02, 0x08, 0x20, 0x00, 0x41, 0x80, 0x80, 0x10, 0x36, 0x02,
    0x18, 0x20, 0x00, 0x41, 0xc0, 0xa7, 0x88, 0x80, 0x00, 0x36, 0x02, 0x14, 0x20, 0x00, 0x41, 0x00, 0x29, 0x03, 0xa0, 0xa7, 0x88, 0x80, 0x00, 0x3e, 0x02, 0x0c,
    0x02, 0x40, 0x20, 0x00, 0x41, 0x08, 0x6a, 0x41, 0x0f, 0x41, 0x80, 0x88, 0x80, 0x80, 0x00, 0x41, 0x38, 0x10, 0x84, 0x80, 0x80, 0x80, 0x00, 0x22, 0x01, 0x0d,
    0x00, 0x20, 0x00, 0x41, 0x08, 0x6a, 0x41, 0x04, 0x10, 0x85, 0x80, 0x80, 0x80, 0x00, 0x21, 0x01, 0x0b, 0x41, 0x00, 0x20, 0x00, 0x35, 0x02, 0x1c, 0x37, 0x03,
    0xb0, 0xa7, 0x88, 0x80, 0x00, 0x41, 0x00, 0x20, 0x00, 0x35, 0x02, 0x38, 0x37, 0x03, 0xb8, 0xa7, 0x88, 0x80, 0x00, 0x41, 0x00, 0x20, 0x01, 0xac, 0x37, 0x03,
    0xa8, 0xa7, 0x88, 0x80, 0x00, 0x20, 0x00, 0x41, 0xc0, 0x00, 0x6a, 0x24, 0x80, 0x80, 0x80, 0x80, 0x00, 0x20, 0x01, 0x0b, 0x02, 0x00, 0x0b, 0x53, 0x01, 0x01,
    0x7f, 0x41, 0x00, 0x21, 0x03, 0x02, 0x40, 0x20, 0x02, 0x20, 0x01, 0x6c, 0x22, 0x01, 0x41, 0x07, 0x6a, 0x41, 0x78, 0x71, 0x22, 0x02, 0x20, 0x01, 0x49, 0x0d,
    0x00, 0x41, 0x00, 0x21, 0x03, 0x41, 0x00, 0x28, 0x02, 0x90, 0xa7, 0x80, 0x80, 0x00, 0x22, 0x01, 0x41, 0x80, 0x80, 0x20, 0x20, 0x02, 0x6b, 0x4b, 0x0d, 0x00,
    0x41, 0x00, 0x20, 0x01, 0x20, 0x02, 0x6a, 0x36, 0x02, 0x90, 0xa7, 0x80, 0x80, 0x00, 0x20, 0x01, 0x41, 0xc0, 0xa7, 0x98, 0x80, 0x00, 0x6a, 0x21, 0x03, 0x0b,
    0x20, 0x03, 0x0b, 0xae, 0x03, 0x01, 0x05, 0x7f, 0x41, 0x7e, 0x21, 0x02, 0x02, 0x40, 0x20, 0x00, 0x45, 0x0d, 0x00, 0x20, 0x00, 0x28, 0x02, 0x20, 0x45, 0x0d,
    0x00, 0x20, 0x00, 0x28, 0x02, 0x24, 0x22, 0x03, 0x45, 0x0d, 0x00, 0x20, 0x00, 0x28, 0x02, 0x1c, 0x22, 0x04, 0x45, 0x0d, 0x00, 0x20, 0x04, 0x28, 0x02, 0x00,
    0x20, 0x00, 0x47, 0x0d, 0x00, 0x20, 0x04, 0x28, 0x02, 0x04, 0x41, 0xcc, 0x81, 0x7f, 0x6a, 0x41, 0x1f, 0x4b, 0x0d, 0x00, 0x02, 0x40, 0x02, 0x40, 0x20, 0x01,
    0x41, 0x7f, 0x4a, 0x0d, 0x00, 0x20, 0x01, 0x41, 0x71, 0x49, 0x0d, 0x02, 0x41, 0x00, 0x21, 0x05, 0x41, 0x00, 0x20, 0x01, 0x6b, 0x21, 0x06, 0x0c, 0x01, 0x0b,
    0x20, 0x01, 0x41, 0x0f, 0x71, 0x20, 0x01, 0x20, 0x01, 0x41, 0x30, 0x49, 0x1b, 0x21, 0x06, 0x20, 0x01, 0x41, 0x04, 0x76, 0x41, 0x05, 0x6a, 0x21, 0x05, 0x0b,
    0x02, 0x40, 0x20, 0x06, 0x41, 0x78, 0x6a, 0x41, 0x08, 0x49, 0x0d, 0x00, 0x20, 0x06, 0x0d, 0x01, 0x0b, 0x02, 0x40, 0x02, 0x40, 0x02, 0x40, 0x20, 0x04, 0x28,
    0x02, 0x38, 0x22, 0x01, 0x45, 0x0d, 0x00, 0x20, 0x04, 0x28, 0x02, 0x28, 0x20, 0x06, 0x47, 0x0d, 0x01, 0x0b, 0x20, 0x04, 0x20, 0x06, 0x36, 0x02, 0x28, 0x20,
    0x04, 0x20, 0x05, 0x36, 0x02, 0x0c, 0x0c, 0x01, 0x0b, 0x20, 0x00, 0x28, 0x02, 0x28, 0x20, 0x01, 0x20, 0x03, 0x11, 0x80, 0x80, 0x80, 0x80, 0x00, 0x00, 0x20,
    0x04, 0x41, 0x00, 0x36, 0x02, 0x38, 0x20, 0x04, 0x20, 0x06, 0x36, 0x02, 0x28, 0x20, 0x04, 0x20, 0x05, 0x36, 0x02, 0x0c, 0x20, 0x00, 0x28, 0x02, 0x20, 0x45,
    0x0d, 0x01, 0x0b, 0x20, 0x00, 0x28, 0x02, 0x24, 0x45, 0x0d, 0x00, 0x20, 0x00, 0x28, 0x02, 0x1c, 0x22, 0x01, 0x45, 0x0d, 0x00, 0x20, 0x01, 0x28, 0x02, 0x00,
    0x20, 0x00, 0x47, 0x0d, 0x00, 0x20, 0x01, 0x28, 0x02, 0x04, 0x41, 0xcc, 0x81, 0x7f, 0x6a, 0x41, 0x1f, 0x4b, 0x0d, 0x00, 0x41, 0x00, 0x21, 0x02, 0x20, 0x01,
    0x41, 0x00, 0x36, 0x02, 0x34, 0x20, 0x01, 0x42, 0x00, 0x37, 0x02, 0x2c, 0x20, 0x01, 0x41, 0x00, 0x36, 0x02, 0x20, 0x20, 0x00, 0x41, 0x00, 0x36, 0x02, 0x2c,
    0x20, 0x00, 0x42, 0x00, 0x37, 0x02, 0x14, 0x20, 0x00, 0x41, 0x00, 0x36, 0x02, 0x08, 0x02, 0x40, 0x20, 0x01, 0x28, 0x02, 0x0c, 0x22, 0x04, 0x45, 0x0d, 0x00,
    0x20, 0x00, 0x20, 0x04, 0x41, 0x01, 0x71, 0x36, 0x02, 0x30, 0x0b, 0x20, 0x01, 0x42, 0x00, 0x37, 0x02, 0x3c, 0x20, 0x01, 0x41, 0x00, 0x36, 0x02, 0x24, 0x20,
    0x01, 0x41, 0x80, 0x80, 0x02, 0x36, 0x02, 0x18, 0x20, 0x01, 0x42, 0x80, 0x80, 0x80, 0x80, 0x70, 0x37, 0x02, 0x10, 0x20, 0x01, 0x42, 0xb4, 0xfe, 0x00, 0x37,
    0x02, 0x04, 0x20, 0x01, 0x42, 0x81, 0x80, 0x80, 0x80, 0x70, 0x37, 0x02, 0xc4, 0x37, 0x20, 0x01, 0x20, 0x01, 0x41, 0xb4, 0x0a, 0x6a, 0x22, 0x00, 0x36, 0x02,
    0x70, 0x20, 0x01, 0x20, 0x00, 0x36, 0x02, 0x54, 0x20, 0x01, 0x20, 0x00, 0x36, 0x02, 0x50, 0x0b, 0x20, 0x02, 0x0b, 0xbb, 0x01, 0x00, 0x02, 0x40, 0x02, 0x40,
    0x20, 0x02, 0x45, 0x0d, 0x00, 0x20, 0x00, 0x0d, 0x01, 0x20, 0x03, 0x41, 0x38, 0x47, 0x20, 0x02, 0x2d, 0x00, 0x00, 0x41, 0x31, 0x47, 0x72, 0x45, 0x0d, 0x01,
    0x41, 0x7e, 0x0f, 0x0b, 0x20, 0x00, 0x0d, 0x00, 0x41, 0x7e, 0x0f, 0x0b, 0x20, 0x00, 0x41, 0x00, 0x36, 0x02, 0x18, 0x41, 0x7e, 0x21, 0x02, 0x02, 0x40, 0x20,
    0x00, 0x28, 0x02, 0x20, 0x22, 0x03, 0x45, 0x0d, 0x00, 0x20, 0x00, 0x28, 0x02, 0x24, 0x45, 0x0d, 0x00, 0x20, 0x00, 0x28, 0x02, 0x28, 0x41, 0x01, 0x41, 0xd0,
    0x37, 0x20, 0x03, 0x11, 0x81, 0x80, 0x80, 0x80, 0x00, 0x00, 0x22, 0x03, 0x41, 0xd0, 0x37, 0x10, 0x8f, 0x80, 0x80, 0x80, 0x00, 0x41, 0x00, 0x21, 0x02, 0x20,
    0x03, 0x41, 0x00, 0x36, 0x02, 0x38, 0x20, 0x03, 0x20, 0x00, 0x36, 0x02, 0x00, 0x20, 0x00, 0x20, 0x03, 0x36, 0x02, 0x1c, 0x20, 0x03, 0x41, 0xb4, 0xfe, 0x00,
    0x36, 0x02, 0x04, 0x20, 0x00, 0x20, 0x01, 0x10, 0x83, 0x80, 0x80, 0x80, 0x00, 0x22, 0x01, 0x45, 0x0d, 0x00, 0x20, 0x00, 0x28, 0x02, 0x28, 0x20, 0x03, 0x20,
    0x00, 0x28, 0x02, 0x24, 0x11, 0x80, 0x80, 0x80, 0x80, 0x00, 0x00, 0x20, 0x00, 0x41, 0x00, 0x36, 0x02, 0x1c, 0x20, 0x01, 0x21, 0x02, 0x0b, 0x20, 0x02, 0x0b,
    0xe3, 0x4d, 0x01, 0x1e, 0x7f, 0x23, 0x80, 0x80, 0x80, 0x80, 0x00, 0x41, 0x10, 0x6b, 0x22, 0x02, 0x24, 0x80, 0x80, 0x80, 0x80, 0x00, 0x41, 0x7e, 0x21, 0x03,
    0x02, 0x40, 0x20, 0x00, 0x45, 0x0d, 0x00, 0x20, 0x00, 0x28, 0x02, 0x20, 0x45, 0x0d, 0x00, 0x20, 0x00, 0x28, 0x02, 0x24, 0x45, 0x0d, 0x00, 0x20, 0x00, 0x28,
    0x02, 0x1c, 0x22, 0x04, 0x45, 0x0d, 0x00, 0x20, 0x04, 0x28, 0x02, 0x00, 0x20, 0x00, 0x47, 0x0d, 0x00, 0x20, 0x04, 0x28, 0x02, 0x04, 0x22, 0x05, 0x41, 0xcc,
    0x81, 0x7f, 0x6a, 0x41, 0x1f, 0x4b, 0x0d, 0x00, 0x20, 0x00, 0x28, 0x02, 0x0c, 0x22, 0x06, 0x45, 0x0d, 0x00, 0x02, 0x40, 0x20, 0x00, 0x28, 0x02, 0x00, 0x22,
    0x07, 0x0d, 0x00, 0x20, 0x00, 0x28, 0x02, 0x04, 0x0d, 0x01, 0x0b, 0x02, 0x40, 0x20, 0x05, 0x41, 0xbf, 0xfe, 0x00, 0x47, 0x0d, 0x00, 0x41, 0xc0, 0xfe, 0x00,
    0x21, 0x05, 0x20, 0x04, 0x41, 0xc0, 0xfe, 0x00, 0x36, 0x02, 0x04, 0x0b, 0x20, 0x04, 0x41, 0xf4, 0x00, 0x6a, 0x21, 0x08, 0x20, 0x01, 0x41, 0x7b, 0x6a, 0x21,
    0x09, 0x20, 0x04, 0x41, 0xdc, 0x00, 0x6a, 0x21, 0x0a, 0x20, 0x04, 0x41, 0xf4, 0x05, 0x6a, 0x21, 0x0b, 0x20, 0x04, 0x41, 0xd8, 0x00, 0x6a, 0x21, 0x0c, 0x20,
    0x04, 0x41, 0xf0, 0x00, 0x6a, 0x21, 0x0d, 0x20, 0x04, 0x41, 0xb4, 0x0a, 0x6a, 0x21, 0x0e, 0x20, 0x04, 0x28, 0x02, 0x40, 0x21, 0x0f, 0x20, 0x04, 0x28, 0x02,
    0x3c, 0x21, 0x10, 0x41, 0x00, 0x21, 0x11, 0x20, 0x00, 0x28, 0x02, 0x04, 0x22, 0x12, 0x21, 0x13, 0x20, 0x00, 0x28, 0x02, 0x10, 0x22, 0x14, 0x21, 0x15, 0x02,
    0x40, 0x02, 0x40, 0x02, 0x40, 0x02, 0x40, 0x02, 0x40, 0x03, 0x40, 0x41, 0x7d, 0x21, 0x16, 0x02, 0x40, 0x02, 0x40, 0x02, 0x40, 0x02, 0x40, 0x02, 0x40, 0x02,
    0x40, 0x02, 0x40, 0x02, 0x40, 0x02, 0x40, 0x02, 0x40, 0x02, 0x40, 0x02, 0x40, 0x02, 0x40, 0x02, 0x40, 0x02, 0x40, 0x02, 0x40, 0x02, 0x40, 0x02, 0x40, 0x02,
    0x40, 0x02, 0x40, 0x02, 0x40, 0x02, 0x40, 0x02, 0x40, 0x02, 0x40, 0x02, 0x40, 0x02, 0x40, 0x02, 0x40, 0x02, 0x40, 0x02, 0x40, 0x02, 0x40, 0x02, 0x40, 0x02,
    0x40, 0x02, 0x40, 0x02, 0x40, 0x02, 0x40, 0x02, 0x40, 0x02, 0x40, 0x02, 0x40, 0x02, 0x40, 0x02, 0x40, 0x02, 0x40, 0x02, 0x40, 0x02, 0x40, 0x02, 0x40, 0x02,
    0x40, 0x02, 0x40, 0x02, 0x40, 0x02, 0x40, 0x02, 0x40, 0x02, 0x40, 0x02, 0x40, 0x02, 0x40, 0x02, 0x40, 0x02, 0x40, 0x02, 0x40, 0x02, 0x40, 0x02, 0x40, 0x02,
    0x40, 0x02, 0x40, 0x02, 0x40, 0x02, 0x40, 0x02, 0x40, 0x02, 0x40, 0x02, 0x40, 0x20, 0x05, 0x41, 0xcc, 0x81, 0x7f, 0x6a, 0x0e, 0x1f, 0x07, 0x06, 0x0a, 0x0d,
    0x10, 0x3b, 0x3c, 0x3d, 0x3e, 0x05, 0x15, 0x16, 0x17, 0x18, 0x19, 0x1a, 0x04, 0x1d, 0x02, 0x27, 0x28, 0x01, 0x2a, 0x00, 0x2c, 0x1f, 0x20, 0x03, 0x42, 0x44,
    0x45, 0x46, 0x0b, 0x20, 0x04, 0x28, 0x02, 0x4c, 0x21, 0x17, 0x0c, 0x2a, 0x0b, 0x20, 0x04, 0x28, 0x02, 0x4c, 0x21, 0x17, 0x0c, 0x27, 0x0b, 0x20, 0x04, 0x28,
    0x02, 0x6c, 0x21, 0x18, 0x0c, 0x23, 0x0b, 0x20, 0x04, 0x28, 0x02, 0x0c, 0x21, 0x05, 0x0c, 0x3b, 0x0b, 0x20, 0x0f, 0x41, 0x0e, 0x4f, 0x0d, 0x17, 0x20, 0x13,
    0x45, 0x0d, 0x3e, 0x20, 0x0f, 0x41, 0x08, 0x6a, 0x21, 0x05, 0x20, 0x07, 0x41, 0x01, 0x6a, 0x21, 0x17, 0x20, 0x13, 0x41, 0x7f, 0x6a, 0x21, 0x16, 0x20, 0x07,
    0x2d, 0x00, 0x00, 0x20, 0x0f, 0x74, 0x20, 0x10, 0x6a, 0x21, 0x10, 0x20, 0x0f, 0x41, 0x05, 0x4d, 0x0d, 0x16, 0x20, 0x17, 0x21, 0x07, 0x20, 0x16, 0x21, 0x13,
    0x20, 0x05, 0x21, 0x0f, 0x0c, 0x17, 0x0b, 0x20, 0x0f, 0x41, 0x20, 0x4f, 0x0d, 0x0e, 0x20, 0x13, 0x45, 0x0d, 0x3d, 0x20, 0x07, 0x41, 0x01, 0x6a, 0x21, 0x16,
    0x20, 0x13, 0x41, 0x7f, 0x6a, 0x21, 0x05, 0x20, 0x07, 0x2d, 0x00, 0x00, 0x20, 0x0f, 0x74, 0x20, 0x10, 0x6a, 0x21, 0x10, 0x20, 0x0f, 0x41, 0x17, 0x4d, 0x0d,
    0x0d, 0x20, 0x16, 0x21, 0x07, 0x20, 0x05, 0x21, 0x13, 0x0c, 0x0e, 0x0b, 0x20, 0x0f, 0x41, 0x10, 0x4f, 0x0d, 0x02, 0x20, 0x13, 0x45, 0x0d, 0x3c, 0x20, 0x0f,
    0x41, 0x08, 0x6a, 0x21, 0x05, 0x20, 0x07, 0x41, 0x01, 0x6a, 0x21, 0x17, 0x20, 0x13, 0x41, 0x7f, 0x6a, 0x21, 0x16, 0x20, 0x07, 0x2d, 0x00, 0x00, 0x20, 0x0f,
    0x74, 0x20, 0x10, 0x6a, 0x21, 0x10, 0x20, 0x0f, 0x41, 0x07, 0x4d, 0x0d, 0x01, 0x20, 0x17, 0x21, 0x07, 0x20, 0x16, 0x21, 0x13, 0x20, 0x05, 0x21, 0x0f, 0x0c,
    0x02, 0x0b, 0x20, 0x04, 0x28, 0x02, 0x0c, 0x22, 0x05, 0x45, 0x0d, 0x19, 0x02, 0x40, 0x20, 0x0f, 0x41, 0x10, 0x4f, 0x0d, 0x00, 0x20, 0x13, 0x45, 0x0d, 0x3c,
    0x20, 0x0f, 0x41, 0x08, 0x6a, 0x21, 0x16, 0x20, 0x07, 0x41, 0x01, 0x6a, 0x21, 0x19, 0x20, 0x13, 0x41, 0x7f, 0x6a, 0x21, 0x17, 0x20, 0x07, 0x2d, 0x00, 0x00,
    0x20, 0x0f, 0x74, 0x20, 0x10, 0x6a, 0x21, 0x10, 0x02, 0x40, 0x20, 0x0f, 0x41, 0x07, 0x4d, 0x0d, 0x00, 0x20, 0x19, 0x21, 0x07, 0x20, 0x17, 0x21, 0x13, 0x20,
    0x16, 0x21, 0x0f, 0x0c, 0x01, 0x0b, 0x02, 0x40, 0x20, 0x17, 0x0d, 0x00, 0x20, 0x19, 0x21, 0x07, 0x41, 0x00, 0x21, 0x13, 0x20, 0x16, 0x21, 0x0f, 0x20, 0x11,
    0x21, 0x16, 0x0c, 0x3e, 0x0b, 0x20, 0x0f, 0x41, 0x10, 0x72, 0x21, 0x0f, 0x20, 0x13, 0x41, 0x7e, 0x6a, 0x21, 0x13, 0x20, 0x07, 0x2d, 0x00, 0x01, 0x20, 0x16,
    0x74, 0x20, 0x10, 0x6a, 0x21, 0x10, 0x20, 0x07, 0x41, 0x02, 0x6a, 0x21, 0x07, 0x0b, 0x02, 0x40, 0x20, 0x05, 0x41, 0x02, 0x71, 0x45, 0x0d, 0x00, 0x20, 0x10,
    0x41, 0x9f, 0x96, 0x02, 0x47, 0x0d, 0x00, 0x02, 0x40, 0x20, 0x04, 0x28, 0x02, 0x28, 0x0d, 0x00, 0x20, 0x04, 0x41, 0x0f, 0x36, 0x02, 0x28, 0x0b, 0x41, 0x00,
    0x21, 0x10, 0x20, 0x04, 0x41, 0x00, 0x41, 0x00, 0x41, 0x00, 0x10, 0x8d, 0x80, 0x80, 0x80, 0x00, 0x22, 0x05, 0x36, 0x02, 0x1c, 0x20, 0x02, 0x41, 0x9f, 0x96,
    0x02, 0x3b, 0x00, 0x0c, 0x20, 0x05, 0x20, 0x02, 0x41, 0x0c, 0x6a, 0x41, 0x02, 0x10, 0x8d, 0x80, 0x80, 0x80, 0x00, 0x21, 0x05, 0x20, 0x04, 0x41, 0xb5, 0xfe,
    0x00, 0x36, 0x02, 0x04, 0x20, 0x04, 0x20, 0x05, 0x36, 0x02, 0x1c, 0x41, 0x00, 0x21, 0x0f, 0x20, 0x04, 0x28, 0x02, 0x04, 0x21, 0x05, 0x0c, 0x39, 0x0b, 0x02,
    0x40, 0x20, 0x04, 0x28, 0x02, 0x24, 0x22, 0x16, 0x45, 0x0d, 0x00, 0x20, 0x16, 0x41, 0x7f, 0x36, 0x02, 0x30, 0x0b, 0x02, 0x40, 0x02, 0x40, 0x20, 0x05, 0x41,
    0x01, 0x71, 0x45, 0x0d, 0x00, 0x20, 0x10, 0x41, 0x08, 0x74, 0x41, 0x80, 0xfe, 0x03, 0x71, 0x20, 0x10, 0x41, 0x08, 0x76, 0x6a, 0x41, 0x1f, 0x70, 0x45, 0x0d,
    0x01, 0x0b, 0x20, 0x04, 0x41, 0xd1, 0xfe, 0x00, 0x36, 0x02, 0x04, 0x20, 0x00, 0x41, 0xf3, 0x89, 0x80, 0x80, 0x00, 0x36, 0x02, 0x18, 0x20, 0x04, 0x28, 0x02,
    0x04, 0x21, 0x05, 0x0c, 0x39, 0x0b, 0x02, 0x40, 0x20, 0x10, 0x41, 0x0f, 0x71, 0x41, 0x08, 0x46, 0x0d, 0x00, 0x20, 0x04, 0x41, 0xd1, 0xfe, 0x00, 0x36, 0x02,
    0x04, 0x20, 0x00, 0x41, 0xc1, 0x8b, 0x80, 0x80, 0x00, 0x36, 0x02, 0x18, 0x20, 0x04, 0x28, 0x02, 0x04, 0x21, 0x05, 0x0c, 0x39, 0x0b, 0x20, 0x10, 0x41, 0x04,
    0x76, 0x22, 0x19, 0x41, 0x0f, 0x71, 0x22, 0x05, 0x41, 0x08, 0x6a, 0x21, 0x16, 0x02, 0x40, 0x20, 0x04, 0x28, 0x02, 0x28, 0x22, 0x17, 0x0d, 0x00, 0x20, 0x04,
    0x20, 0x16, 0x36, 0x02, 0x28, 0x20, 0x16, 0x21, 0x17, 0x0b, 0x02, 0x40, 0x02, 0x40, 0x20, 0x05, 0x41, 0x07, 0x4b, 0x0d, 0x00, 0x20, 0x16, 0x20, 0x17, 0x4d,
    0x0d, 0x01, 0x0b, 0x20, 0x0f, 0x41, 0x7c, 0x6a, 0x21, 0x0f, 0x20, 0x04, 0x41, 0xd1, 0xfe, 0x00, 0x36, 0x02, 0x04, 0x20, 0x00, 0x41, 0xe8, 0x8a, 0x80, 0x80,
    0x00, 0x36, 0x02, 0x18, 0x20, 0x19, 0x21, 0x10, 0x20, 0x04, 0x28, 0x02, 0x04, 0x21, 0x05, 0x0c, 0x39, 0x0b, 0x41, 0x00, 0x21, 0x0f, 0x20, 0x04, 0x41, 0x00,
    0x36, 0x02, 0x14, 0x20, 0x04, 0x41, 0x80, 0x02, 0x20, 0x05, 0x74, 0x36, 0x02, 0x18, 0x20, 0x00, 0x41, 0x00, 0x41, 0x00, 0x41, 0x00, 0x10, 0x8b, 0x80, 0x80,
    0x80, 0x00, 0x22, 0x05, 0x36, 0x02, 0x30, 0x20, 0x04, 0x20, 0x05, 0x36, 0x02, 0x1c, 0x20, 0x04, 0x41, 0xbd, 0xfe, 0x00, 0x41, 0xbf, 0xfe, 0x00, 0x20, 0x10,
    0x41, 0x80, 0xc0, 0x00, 0x71, 0x1b, 0x36, 0x02, 0x04, 0x41, 0x00, 0x21, 0x10, 0x20, 0x04, 0x28, 0x02, 0x04, 0x21, 0x05, 0x0c, 0x38, 0x0b, 0x02, 0x40, 0x20,
    0x16, 0x0d, 0x00, 0x20, 0x17, 0x21, 0x07, 0x41, 0x00, 0x21, 0x13, 0x20, 0x05, 0x21, 0x0f, 0x20, 0x11, 0x21, 0x16, 0x0c, 0x3c, 0x0b, 0x20, 0x0f, 0x41, 0x10,
    0x72, 0x21, 0x0f, 0x20, 0x13, 0x41, 0x7e, 0x6a, 0x21, 0x13, 0x20, 0x07, 0x2d, 0x00, 0x01, 0x20, 0x05, 0x74, 0x20, 0x10, 0x6a, 0x21, 0x10, 0x20, 0x07, 0x41,
    0x02, 0x6a, 0x21, 0x07, 0x0b, 0x20, 0x04, 0x20, 0x10, 0x36, 0x02, 0x14, 0x02, 0x40, 0x20, 0x10, 0x41, 0xff, 0x01, 0x71, 0x41, 0x08, 0x46, 0x0d, 0x00, 0x20,
    0x04, 0x41, 0xd1, 0xfe, 0x00, 0x36, 0x02, 0x04, 0x20, 0x00, 0x41, 0xc1, 0x8b, 0x80, 0x80, 0x00, 0x36, 0x02, 0x18, 0x20, 0x04, 0x28, 0x02, 0x04, 0x21, 0x05,
    0x0c, 0x37, 0x0b, 0x02, 0x40, 0x20, 0x10, 0x41, 0x80, 0xc0, 0x03, 0x71, 0x45, 0x0d, 0x00, 0x20, 0x04, 0x41, 0xd1, 0xfe, 0x00, 0x36, 0x02, 0x04, 0x20, 0x00,
    0x41, 0xc4, 0x88, 0x80, 0x80, 0x00, 0x36, 0x02, 0x18, 0x20, 0x04, 0x28, 0x02, 0x04, 0x21, 0x05, 0x0c, 0x37, 0x0b, 0x02, 0x40, 0x20, 0x04, 0x28, 0x02, 0x24,
    0x22, 0x05, 0x45, 0x0d, 0x00, 0x20, 0x05, 0x20, 0x10, 0x41, 0x08, 0x76, 0x41, 0x01, 0x71, 0x36, 0x02, 0x00, 0x0b, 0x02, 0x40, 0x20, 0x10, 0x41, 0x80, 0x04,
    0x71, 0x45, 0x0d, 0x00, 0x20, 0x04, 0x2d, 0x00, 0x0c, 0x41, 0x04, 0x71, 0x45, 0x0d, 0x00, 0x20, 0x02, 0x41, 0x08, 0x3a, 0x00, 0x0c, 0x20, 0x02, 0x20, 0x10,
    0x41, 0x08, 0x76, 0x3a, 0x00, 0x0d, 0x20, 0x04, 0x20, 0x04, 0x28, 0x02, 0x1c, 0x20, 0x02, 0x41, 0x0c, 0x6a, 0x41, 0x02, 0x10, 0x8d, 0x80, 0x80, 0x80, 0x00,
    0x36, 0x02, 0x1c, 0x0b, 0x20, 0x04, 0x41, 0xb6, 0xfe, 0x00, 0x36, 0x02, 0x04, 0x41, 0x00, 0x21, 0x0f, 0x41, 0x00, 0x21, 0x10, 0x0c, 0x01, 0x0b, 0x20, 0x0f,
    0x41, 0x1f, 0x4b, 0x0d, 0x01, 0x0b, 0x20, 0x13, 0x45, 0x0d, 0x37, 0x20, 0x07, 0x41, 0x01, 0x6a, 0x21, 0x16, 0x20, 0x13, 0x41, 0x7f, 0x6a, 0x21, 0x05, 0x20,
    0x07, 0x2d, 0x00, 0x00, 0x20, 0x0f, 0x74, 0x20, 0x10, 0x6a, 0x21, 0x10, 0x02, 0x40, 0x20, 0x0f, 0x41, 0x17, 0x4d, 0x0d, 0x00, 0x20, 0x16, 0x21, 0x07, 0x20,
    0x05, 0x21, 0x13, 0x0c, 0x01, 0x0b, 0x20, 0x0f, 0x41, 0x08, 0x6a, 0x21, 0x17, 0x02, 0x40, 0x20, 0x05, 0x0d, 0x00, 0x20, 0x16, 0x21, 0x07, 0x41, 0x00, 0x21,
    0x13, 0x20, 0x17, 0x21, 0x0f, 0x20, 0x11, 0x21, 0x16, 0x0c, 0x39, 0x0b, 0x20, 0x07, 0x41, 0x02, 0x6a, 0x21, 0x16, 0x20, 0x13, 0x41, 0x7e, 0x6a, 0x21, 0x05,
    0x20, 0x07, 0x2d, 0x00, 0x01, 0x20, 0x17, 0x74, 0x20, 0x10, 0x6a, 0x21, 0x10, 0x02, 0x40, 0x20, 0x0f, 0x41, 0x0f, 0x4d, 0x0d, 0x00, 0x20, 0x16, 0x21, 0x07,
    0x20, 0x05, 0x21, 0x13, 0x0c, 0x01, 0x0b, 0x20, 0x0f, 0x41, 0x10, 0x6a, 0x21, 0x17, 0x02, 0x40, 0x20, 0x05, 0x0d, 0x00, 0x20, 0x16, 0x21, 0x07, 0x41, 0x00,
    0x21, 0x13, 0x20, 0x17, 0x21, 0x0f, 0x20, 0x11, 0x21, 0x16, 0x0c, 0x39, 0x0b, 0x20, 0x07, 0x41, 0x03, 0x6a, 0x21, 0x16, 0x20, 0x13, 0x41, 0x7d, 0x6a, 0x21,
    0x05, 0x20, 0x07, 0x2d, 0x00, 0x02, 0x20, 0x17, 0x74, 0x20, 0x10, 0x6a, 0x21, 0x10, 0x02, 0x40, 0x20, 0x0f, 0x41, 0x07, 0x4d, 0x0d, 0x00, 0x20, 0x16, 0x21,
    0x07, 0x20, 0x05, 0x21, 0x13, 0x0c, 0x01, 0x0b, 0x20, 0x0f, 0x41, 0x18, 0x6a, 0x21, 0x0f, 0x02, 0x40, 0x20, 0x05, 0x0d, 0x00, 0x20, 0x16, 0x21, 0x07, 0x0c,
    0x38, 0x0b, 0x20, 0x13, 0x41, 0x7c, 0x6a, 0x21, 0x13, 0x20, 0x07, 0x2d, 0x00, 0x03, 0x20, 0x0f, 0x74, 0x20, 0x10, 0x6a, 0x21, 0x10, 0x20, 0x07, 0x41, 0x04,
    0x6a, 0x21, 0x07, 0x0b, 0x02, 0x40, 0x20, 0x04, 0x28, 0x02, 0x24, 0x22, 0x05, 0x45, 0x0d, 0x00, 0x20, 0x05, 0x20, 0x10, 0x36, 0x02, 0x04, 0x0b, 0x02, 0x40,
    0x20, 0x04, 0x2d, 0x00, 0x15, 0x41, 0x02, 0x71, 0x45, 0x0d, 0x00, 0x20, 0x04, 0x2d, 0x00, 0x0c, 0x41, 0x04, 0x71, 0x45, 0x0d, 0x00, 0x20, 0x02, 0x20, 0x10,
    0x36, 0x00, 0x0c, 0x20, 0x04, 0x20, 0x04, 0x28, 0x02, 0x1c, 0x20, 0x02, 0x41, 0x0c, 0x6a, 0x41, 0x04, 0x10, 0x8d, 0x80, 0x80, 0x80, 0x00, 0x36, 0x02, 0x1c,
    0x0b, 0x20, 0x04, 0x41, 0xb7, 0xfe, 0x00, 0x36, 0x02, 0x04, 0x41, 0x00, 0x21, 0x0f, 0x41, 0x00, 0x21, 0x10, 0x0c, 0x01, 0x0b, 0x20, 0x0f, 0x41, 0x0f, 0x4b,
    0x0d, 0x01, 0x0b, 0x20, 0x13, 0x45, 0x0d, 0x34, 0x20, 0x07, 0x41, 0x01, 0x6a, 0x21, 0x16, 0x20, 0x13, 0x41, 0x7f, 0x6a, 0x21, 0x05, 0x20, 0x07, 0x2d, 0x00,
    0x00, 0x20, 0x0f, 0x74, 0x20, 0x10, 0x6a, 0x21, 0x10, 0x02, 0x40, 0x20, 0x0f, 0x41, 0x07, 0x4d, 0x0d, 0x00, 0x20, 0x16, 0x21, 0x07, 0x20, 0x05, 0x21, 0x13,
    0x0c, 0x01, 0x0b, 0x20, 0x0f, 0x41, 0x08, 0x6a, 0x21, 0x0f, 0x02, 0x40, 0x20, 0x05, 0x0d, 0x00, 0x20, 0x16, 0x21, 0x07, 0x0c, 0x35, 0x0b, 0x20, 0x13, 0x41,
    0x7e, 0x6a, 0x21, 0x13, 0x20, 0x07, 0x2d, 0x00, 0x01, 0x20, 0x0f, 0x74, 0x20, 0x10, 0x6a, 0x21, 0x10, 0x20, 0x07, 0x41, 0x02, 0x6a, 0x21, 0x07, 0x0b, 0x02,
    0x40, 0x20, 0x04, 0x28, 0x02, 0x24, 0x22, 0x05, 0x45, 0x0d, 0x00, 0x20, 0x05, 0x20, 0x10, 0x41, 0x08, 0x76, 0x36, 0x02, 0x0c, 0x20, 0x05, 0x20, 0x10, 0x41,
    0xff, 0x01, 0x71, 0x36, 0x02, 0x08, 0x0b, 0x02, 0x40, 0x20, 0x04, 0x2d, 0x00, 0x15, 0x41, 0x02, 0x71, 0x45, 0x0d, 0x00, 0x20, 0x04, 0x2d, 0x00, 0x0c, 0x41,
    0x04, 0x71, 0x45, 0x0d, 0x00, 0x20, 0x02, 0x20, 0x10, 0x3b, 0x00, 0x0c, 0x20, 0x04, 0x20, 0x04, 0x28, 0x02, 0x1c, 0x20, 0x02, 0x41, 0x0c, 0x6a, 0x41, 0x02,
    0x10, 0x8d, 0x80, 0x80, 0x80, 0x00, 0x36, 0x02, 0x1c, 0x0b, 0x20, 0x04, 0x41, 0xb8, 0xfe, 0x00, 0x36, 0x02, 0x04, 0x41, 0x00, 0x21, 0x05, 0x41, 0x00, 0x21,
    0x0f, 0x41, 0x00, 0x21, 0x10, 0x20, 0x04, 0x28, 0x02, 0x14, 0x22, 0x16, 0x41, 0x80, 0x08, 0x71, 0x0d, 0x01, 0x0c, 0x29, 0x0b, 0x02, 0x40, 0x20, 0x04, 0x28,
    0x02, 0x14, 0x22, 0x16, 0x41, 0x80, 0x08, 0x71, 0x0d, 0x00, 0x20, 0x0f, 0x21, 0x05, 0x0c, 0x29, 0x0b, 0x20, 0x10, 0x21, 0x05, 0x20, 0x0f, 0x41, 0x0f, 0x4b,
    0x0d, 0x01, 0x0b, 0x02, 0x40, 0x20, 0x13, 0x0d, 0x00, 0x41, 0x00, 0x21, 0x13, 0x20, 0x05, 0x21, 0x10, 0x20, 0x11, 0x21, 0x16, 0x0c, 0x33, 0x0b, 0x20, 0x07,
    0x41, 0x01, 0x6a, 0x21, 0x19, 0x20, 0x13, 0x41, 0x7f, 0x6a, 0x21, 0x17, 0x20, 0x07, 0x2d, 0x00, 0x00, 0x20, 0x0f, 0x74, 0x20, 0x05, 0x6a, 0x21, 0x10, 0x02,
    0x40, 0x20, 0x0f, 0x41, 0x07, 0x4d, 0x0d, 0x00, 0x20, 0x19, 0x21, 0x07, 0x20, 0x17, 0x21, 0x13, 0x0c, 0x01, 0x0b, 0x20, 0x0f, 0x41, 0x08, 0x6a, 0x21, 0x0f,
    0x02, 0x40, 0x20, 0x17, 0x0d, 0x00, 0x20, 0x19, 0x21, 0x07, 0x0c, 0x32, 0x0b, 0x20, 0x13, 0x41, 0x7e, 0x6a, 0x21, 0x13, 0x20, 0x07, 0x2d, 0x00, 0x01, 0x20,
    0x0f, 0x74, 0x20, 0x10, 0x6a, 0x21, 0x10, 0x20, 0x07, 0x41, 0x02, 0x6a, 0x21, 0x07, 0x0b, 0x20, 0x04, 0x20, 0x10, 0x36, 0x02, 0x44, 0x02, 0x40, 0x20, 0x04,
    0x28, 0x02, 0x24, 0x22, 0x05, 0x45, 0x0d, 0x00, 0x20, 0x05, 0x20, 0x10, 0x36, 0x02, 0x14, 0x0b, 0x41, 0x00, 0x21, 0x0f, 0x02, 0x40, 0x20, 0x16, 0x41, 0x80,
    0x04, 0x71, 0x45, 0x0d, 0x00, 0x20, 0x04, 0x2d, 0x00, 0x0c, 0x41, 0x04, 0x71, 0x45, 0x0d, 0x00, 0x20, 0x02, 0x20, 0x10, 0x3b, 0x00, 0x0c, 0x20, 0x04, 0x20,
    0x04, 0x28, 0x02, 0x1c, 0x20, 0x02, 0x41, 0x0c, 0x6a, 0x41, 0x02, 0x10, 0x8d, 0x80, 0x80, 0x80, 0x00, 0x36, 0x02, 0x1c, 0x0b, 0x41, 0x00, 0x21, 0x10, 0x0c,
    0x27, 0x0b, 0x20, 0x0f, 0x41, 0x08, 0x6a, 0x21, 0x17, 0x02, 0x40, 0x20, 0x05, 0x0d, 0x00, 0x20, 0x16, 0x21, 0x07, 0x41, 0x00, 0x21, 0x13, 0x20, 0x17, 0x21,
    0x0f, 0x20, 0x11, 0x21, 0x16, 0x0c, 0x31, 0x0b, 0x20, 0x07, 0x41, 0x02, 0x6a, 0x21, 0x16, 0x20, 0x13, 0x41, 0x7e, 0x6a, 0x21, 0x05, 0x20, 0x07, 0x2d, 0x00,
    0x01, 0x20, 0x17, 0x74, 0x20, 0x10, 0x6a, 0x21, 0x10, 0x02, 0x40, 0x20, 0x0f, 0x41, 0x0f, 0x4d, 0x0d, 0x00, 0x20, 0x16, 0x21, 0x07, 0x20, 0x05, 0x21, 0x13,
    0x0c, 0x01, 0x0b, 0x20, 0x0f, 0x41, 0x10, 0x6a, 0x21, 0x17, 0x02, 0x40, 0x20, 0x05, 0x0d, 0x00, 0x20, 0x16, 0x21, 0x07, 0x41, 0x00, 0x21, 0x13, 0x20, 0x17,
    0x21, 0x0f, 0x20, 0x11, 0x21, 0x16, 0x0c, 0x31, 0x0b, 0x20, 0x07, 0x41, 0x03, 0x6a, 0x21, 0x16, 0x20, 0x13, 0x41, 0x7d, 0x6a, 0x21, 0x05, 0x20, 0x07, 0x2d,
    0x00, 0x02, 0x20, 0x17, 0x74, 0x20, 0x10, 0x6a, 0x21, 0x10, 0x02, 0x40, 0x20, 0x0f, 0x41, 0x07, 0x4d, 0x0d, 0x00, 0x20, 0x16, 0x21, 0x07, 0x20, 0x05, 0x21,
    0x13, 0x0c, 0x01, 0x0b, 0x20, 0x0f, 0x41, 0x18, 0x6a, 0x21, 0x0f, 0x02, 0x40, 0x20, 0x05, 0x0d, 0x00, 0x20, 0x16, 0x21, 0x07, 0x0c, 0x30, 0x0b, 0x20, 0x13,
    0x41, 0x7c, 0x6a, 0x21, 0x13, 0x20, 0x07, 0x2d, 0x00, 0x03, 0x20, 0x0f, 0x74, 0x20, 0x10, 0x6a, 0x21, 0x10, 0x20, 0x07, 0x41, 0x04, 0x6a, 0x21, 0x07, 0x0b,
    0x20, 0x04, 0x41, 0xbe, 0xfe, 0x00, 0x36, 0x02, 0x04, 0x20, 0x00, 0x20, 0x10, 0x41, 0x18, 0x74, 0x20, 0x10, 0x41, 0x80, 0xfe, 0x03, 0x71, 0x41, 0x08, 0x74,
    0x72, 0x20, 0x10, 0x41, 0x08, 0x76, 0x41, 0x80, 0xfe, 0x03, 0x71, 0x20, 0x10, 0x41, 0x18, 0x76, 0x72, 0x72, 0x22, 0x05, 0x36, 0x02, 0x30, 0x20, 0x04, 0x20,
    0x05, 0x36, 0x02, 0x1c, 0x41, 0x00, 0x21, 0x10, 0x41, 0x00, 0x21, 0x0f, 0x0b, 0x02, 0x40, 0x20, 0x04, 0x28, 0x02, 0x10, 0x0d, 0x00, 0x20, 0x00, 0x20, 0x14,
    0x36, 0x02, 0x10, 0x20, 0x00, 0x20, 0x06, 0x36, 0x02, 0x0c, 0x20, 0x00, 0x20, 0x13, 0x36, 0x02, 0x04, 0x20, 0x00, 0x20, 0x07, 0x36, 0x02, 0x00, 0x20, 0x04,
    0x20, 0x0f, 0x36, 0x02, 0x40, 0x20, 0x04, 0x20, 0x10, 0x36, 0x02, 0x3c, 0x41, 0x02, 0x21, 0x03, 0x0c, 0x31, 0x0b, 0x20, 0x00, 0x41, 0x00, 0x41, 0x00, 0x41,
    0x00, 0x10, 0x8b, 0x80, 0x80, 0x80, 0x00, 0x22, 0x05, 0x36, 0x02, 0x30, 0x20, 0x04, 0x20, 0x05, 0x36, 0x02, 0x1c, 0x20, 0x04, 0x41, 0xbf, 0xfe, 0x00, 0x36,
    0x02, 0x04, 0x0b, 0x20, 0x09, 0x41, 0x02, 0x4f, 0x0d, 0x00, 0x20, 0x11, 0x21, 0x16, 0x0c, 0x2d, 0x0b, 0x20, 0x04, 0x28, 0x02, 0x08, 0x0d, 0x0a, 0x02, 0x40,
    0x02, 0x40, 0x20, 0x0f, 0x41, 0x02, 0x4d, 0x0d, 0x00, 0x20, 0x0f, 0x21, 0x16, 0x0c, 0x01, 0x0b, 0x20, 0x13, 0x45, 0x0d, 0x2c, 0x20, 0x13, 0x41, 0x7f, 0x6a,
    0x21, 0x13, 0x20, 0x0f, 0x41, 0x08, 0x72, 0x21, 0x16, 0x20, 0x07, 0x2d, 0x00, 0x00, 0x20, 0x0f, 0x74, 0x20, 0x10, 0x6a, 0x21, 0x10, 0x20, 0x07, 0x41, 0x01,
    0x6a, 0x21, 0x07, 0x0b, 0x20, 0x04, 0x20, 0x10, 0x41, 0x01, 0x71, 0x36, 0x02, 0x08, 0x41, 0xc1, 0xfe, 0x00, 0x21, 0x05, 0x02, 0x40, 0x02, 0x40, 0x02, 0x40,
    0x02, 0x40, 0x02, 0x40, 0x20, 0x10, 0x41, 0x01, 0x76, 0x41, 0x03, 0x71, 0x0e, 0x04, 0x03, 0x00, 0x01, 0x02, 0x03, 0x0b, 0x20, 0x04, 0x10, 0x88, 0x80, 0x80,
    0x80, 0x00, 0x20, 0x04, 0x41, 0xc7, 0xfe, 0x00, 0x36, 0x02, 0x04, 0x20, 0x01, 0x41, 0x06, 0x47, 0x0d, 0x03, 0x20, 0x16, 0x41, 0x7d, 0x6a, 0x21, 0x0f, 0x20,
    0x10, 0x41, 0x03, 0x76, 0x21, 0x10, 0x20, 0x11, 0x21, 0x16, 0x0c, 0x30, 0x0b, 0x41, 0xc4, 0xfe, 0x00, 0x21, 0x05, 0x0c, 0x01, 0x0b, 0x20, 0x00, 0x41, 0xfc,
    0x8a, 0x80, 0x80, 0x00, 0x36, 0x02, 0x18, 0x41, 0xd1, 0xfe, 0x00, 0x21, 0x05, 0x0b, 0x20, 0x04, 0x20, 0x05, 0x36, 0x02, 0x04, 0x0b, 0x20, 0x16, 0x41, 0x7d,
    0x6a, 0x21, 0x0f, 0x20, 0x10, 0x41, 0x03, 0x76, 0x21, 0x10, 0x20, 0x04, 0x28, 0x02, 0x04, 0x21, 0x05, 0x0c, 0x28, 0x0b, 0x20, 0x0f, 0x41, 0x78, 0x71, 0x21,
    0x05, 0x20, 0x10, 0x20, 0x0f, 0x41, 0x07, 0x71, 0x76, 0x21, 0x10, 0x02, 0x40, 0x02, 0x40, 0x20, 0x0f, 0x41, 0x1f, 0x4d, 0x0d, 0x00, 0x20, 0x05, 0x21, 0x0f,
    0x0c, 0x01, 0x0b, 0x02, 0x40, 0x20, 0x13, 0x0d, 0x00, 0x41, 0x00, 0x21, 0x13, 0x20, 0x05, 0x21, 0x0f, 0x20, 0x11, 0x21, 0x16, 0x0c, 0x2d, 0x0b, 0x20, 0x05,
    0x41, 0x08, 0x6a, 0x21, 0x16, 0x20, 0x07, 0x41, 0x01, 0x6a, 0x21, 0x19, 0x20, 0x13, 0x41, 0x7f, 0x6a, 0x21, 0x17, 0x20, 0x07, 0x2d, 0x00, 0x00, 0x20, 0x05,
    0x74, 0x20, 0x10, 0x6a, 0x21, 0x10, 0x02, 0x40, 0x20, 0x0f, 0x41, 0x17, 0x4d, 0x0d, 0x00, 0x20, 0x19, 0x21, 0x07, 0x20, 0x17, 0x21, 0x13, 0x20, 0x16, 0x21,
    0x0f, 0x0c, 0x01, 0x0b, 0x02, 0x40, 0x20, 0x17, 0x0d, 0x00, 0x20, 0x19, 0x21, 0x07, 0x41, 0x00, 0x21, 0x13, 0x20, 0x16, 0x21, 0x0f, 0x20, 0x11, 0x21, 0x16,
    0x0c, 0x2d, 0x0b, 0x20, 0x05, 0x41, 0x10, 0x6a, 0x21, 0x17, 0x20, 0x07, 0x41, 0x02, 0x6a, 0x21, 0x1a, 0x20, 0x13, 0x41, 0x7e, 0x6a, 0x21, 0x19, 0x20, 0x07,
    0x2d, 0x00, 0x01, 0x20, 0x16, 0x74, 0x20, 0x10, 0x6a, 0x21, 0x10, 0x02, 0x40, 0x20, 0x0f, 0x41, 0x0f, 0x4d, 0x0d, 0x00, 0x20, 0x1a, 0x21, 0x07, 0x20, 0x19,
    0x21, 0x13, 0x20, 0x17, 0x21, 0x0f, 0x0c, 0x01, 0x0b, 0x02, 0x40, 0x20, 0x19, 0x0d, 0x00, 0x20, 0x1a, 0x21, 0x07, 0x41, 0x00, 0x21, 0x13, 0x20, 0x17, 0x21,
    0x0f, 0x20, 0x11, 0x21, 0x16, 0x0c, 0x2d, 0x0b, 0x20, 0x05, 0x41, 0x18, 0x6a, 0x21, 0x16, 0x20, 0x07, 0x41, 0x03, 0x6a, 0x21, 0x19, 0x20, 0x13, 0x41, 0x7d,
    0x6a, 0x21, 0x05, 0x20, 0x07, 0x2d, 0x00, 0x02, 0x20, 0x17, 0x74, 0x20, 0x10, 0x6a, 0x21, 0x10, 0x02, 0x40, 0x20, 0x0f, 0x41, 0x07, 0x4d, 0x0d, 0x00, 0x20,
    0x19, 0x21, 0x07, 0x20, 0x05, 0x21, 0x13, 0x20, 0x16, 0x21, 0x0f, 0x0c, 0x01, 0x0b, 0x02, 0x40, 0x20, 0x05, 0x0d, 0x00, 0x20, 0x19, 0x21, 0x07, 0x41, 0x00,
    0x21, 0x13, 0x20, 0x16, 0x21, 0x0f, 0x20, 0x11, 0x21, 0x16, 0x0c, 0x2d, 0x0b, 0x20, 0x13, 0x41, 0x7c, 0x6a, 0x21, 0x13, 0x20, 0x07, 0x2d, 0x00, 0x03, 0x20,
    0x16, 0x74, 0x20, 0x10, 0x6a, 0x21, 0x10, 0x41, 0x20, 0x21, 0x0f, 0x20, 0x07, 0x41, 0x04, 0x6a, 0x21, 0x07, 0x0b, 0x02, 0x40, 0x20, 0x10, 0x41, 0xff, 0xff,
    0x03, 0x71, 0x22, 0x05, 0x20, 0x10, 0x41, 0x7f, 0x73, 0x41, 0x10, 0x76, 0x46, 0x0d, 0x00, 0x20, 0x04, 0x41, 0xd1, 0xfe, 0x00, 0x36, 0x02, 0x04, 0x20, 0x00,
    0x41, 0xb1, 0x89, 0x80, 0x80, 0x00, 0x36, 0x02, 0x18, 0x20, 0x04, 0x28, 0x02, 0x04, 0x21, 0x05, 0x0c, 0x28, 0x0b, 0x20, 0x04, 0x41, 0xc2, 0xfe, 0x00, 0x36,
    0x02, 0x04, 0x20, 0x04, 0x20, 0x05, 0x36, 0x02, 0x44, 0x41, 0x00, 0x21, 0x10, 0x41, 0x00, 0x21, 0x0f, 0x20, 0x01, 0x41, 0x06, 0x47, 0x0d, 0x00, 0x41, 0x00,
    0x21, 0x0f, 0x20, 0x11, 0x21, 0x16, 0x0c, 0x2b, 0x0b, 0x20, 0x04, 0x41, 0xc3, 0xfe, 0x00, 0x36, 0x02, 0x04, 0x0b, 0x02, 0x40, 0x20, 0x04, 0x28, 0x02, 0x44,
    0x22, 0x05, 0x45, 0x0d, 0x00, 0x02, 0x40, 0x20, 0x05, 0x20, 0x13, 0x20, 0x05, 0x20, 0x13, 0x49, 0x1b, 0x22, 0x05, 0x20, 0x14, 0x20, 0x05, 0x20, 0x14, 0x49,
    0x1b, 0x22, 0x05, 0x0d, 0x00, 0x20, 0x11, 0x21, 0x16, 0x0c, 0x2b, 0x0b, 0x20, 0x06, 0x20, 0x07, 0x20, 0x05, 0x10, 0x8e, 0x80, 0x80, 0x80, 0x00, 0x20, 0x04,
    0x20, 0x04, 0x28, 0x02, 0x44, 0x20, 0x05, 0x6b, 0x36, 0x02, 0x44, 0x20, 0x06, 0x20, 0x05, 0x6a, 0x21, 0x06, 0x20, 0x14, 0x20, 0x05, 0x6b, 0x21, 0x14, 0x20,
    0x07, 0x20, 0x05, 0x6a, 0x21, 0x07, 0x20, 0x13, 0x20, 0x05, 0x6b, 0x21, 0x13, 0x20, 0x04, 0x28, 0x02, 0x04, 0x21, 0x05, 0x0c, 0x26, 0x0b, 0x20, 0x04, 0x41,
    0xbf, 0xfe, 0x00, 0x36, 0x02, 0x04, 0x20, 0x04, 0x28, 0x02, 0x04, 0x21, 0x05, 0x0c, 0x25, 0x0b, 0x02, 0x40, 0x20, 0x16, 0x0d, 0x00, 0x20, 0x17, 0x21, 0x07,
    0x41, 0x00, 0x21, 0x13, 0x20, 0x05, 0x21, 0x0f, 0x20, 0x11, 0x21, 0x16, 0x0c, 0x29, 0x0b, 0x20, 0x0f, 0x41, 0x10, 0x72, 0x21, 0x0f, 0x20, 0x13, 0x41, 0x7e,
    0x6a, 0x21, 0x13, 0x20, 0x07, 0x2d, 0x00, 0x01, 0x20, 0x05, 0x74, 0x20, 0x10, 0x6a, 0x21, 0x10, 0x20, 0x07, 0x41, 0x02, 0x6a, 0x21, 0x07, 0x0b, 0x20, 0x04,
    0x20, 0x10, 0x41, 0x1f, 0x71, 0x22, 0x05, 0x41, 0x81, 0x02, 0x6a, 0x36, 0x02, 0x64, 0x20, 0x04, 0x20, 0x10, 0x41, 0x05, 0x76, 0x41, 0x1f, 0x71, 0x22, 0x16,
    0x41, 0x01, 0x6a, 0x36, 0x02, 0x68, 0x20, 0x04, 0x20, 0x10, 0x41, 0x0a, 0x76, 0x41, 0x0f, 0x71, 0x41, 0x04, 0x6a, 0x22, 0x19, 0x36, 0x02, 0x60, 0x20, 0x0f,
    0x41, 0x72, 0x6a, 0x21, 0x0f, 0x20, 0x10, 0x41, 0x0e, 0x76, 0x21, 0x10, 0x02, 0x40, 0x02, 0x40, 0x20, 0x05, 0x41, 0x1d, 0x4b, 0x0d, 0x00, 0x20, 0x16, 0x41,
    0x1e, 0x49, 0x0d, 0x01, 0x0b, 0x20, 0x04, 0x41, 0xd1, 0xfe, 0x00, 0x36, 0x02, 0x04, 0x20, 0x00, 0x41, 0x8d, 0x89, 0x80, 0x80, 0x00, 0x36, 0x02, 0x18, 0x20,
    0x04, 0x28, 0x02, 0x04, 0x21, 0x05, 0x0c, 0x24, 0x0b, 0x20, 0x04, 0x41, 0xc5, 0xfe, 0x00, 0x36, 0x02, 0x04, 0x41, 0x00, 0x21, 0x05, 0x20, 0x04, 0x41, 0x00,
    0x36, 0x02, 0x6c, 0x0c, 0x01, 0x0b, 0x20, 0x04, 0x28, 0x02, 0x6c, 0x22, 0x05, 0x20, 0x04, 0x28, 0x02, 0x60, 0x22, 0x19, 0x4f, 0x0d, 0x07, 0x0b, 0x20, 0x05,
    0x41, 0x01, 0x74, 0x41, 0xe0, 0x8b, 0x80, 0x80, 0x00, 0x6a, 0x21, 0x16, 0x03, 0x40, 0x02, 0x40, 0x02, 0x40, 0x20, 0x0f, 0x41, 0x02, 0x4d, 0x0d, 0x00, 0x20,
    0x0f, 0x21, 0x17, 0x0c, 0x01, 0x0b, 0x20, 0x13, 0x45, 0x0d, 0x26, 0x20, 0x13, 0x41, 0x7f, 0x6a, 0x21, 0x13, 0x20, 0x0f, 0x41, 0x08, 0x72, 0x21, 0x17, 0x20,
    0x07, 0x2d, 0x00, 0x00, 0x20, 0x0f, 0x74, 0x20, 0x10, 0x6a, 0x21, 0x10, 0x20, 0x07, 0x41, 0x01, 0x6a, 0x21, 0x07, 0x0b, 0x20, 0x04, 0x20, 0x05, 0x41, 0x01,
    0x6a, 0x22, 0x05, 0x36, 0x02, 0x6c, 0x20, 0x08, 0x20, 0x16, 0x2f, 0x01, 0x00, 0x41, 0x01, 0x74, 0x6a, 0x20, 0x10, 0x41, 0x07, 0x71, 0x3b, 0x01, 0x00, 0x20,
    0x16, 0x41, 0x02, 0x6a, 0x21, 0x16, 0x20, 0x17, 0x41, 0x7d, 0x6a, 0x21, 0x0f, 0x20, 0x10, 0x41, 0x03, 0x76, 0x21, 0x10, 0x20, 0x19, 0x20, 0x05, 0x47, 0x0d,
    0x00, 0x0b, 0x20, 0x19, 0x21, 0x05, 0x0c, 0x06, 0x0b, 0x20, 0x14, 0x45, 0x0d, 0x0d, 0x20, 0x06, 0x20, 0x04, 0x28, 0x02, 0x44, 0x3a, 0x00, 0x00, 0x20, 0x04,
    0x41, 0xc8, 0xfe, 0x00, 0x36, 0x02, 0x04, 0x20, 0x14, 0x41, 0x7f, 0x6a, 0x21, 0x14, 0x20, 0x06, 0x41, 0x01, 0x6a, 0x21, 0x06, 0x20, 0x04, 0x28, 0x02, 0x04,
    0x21, 0x05, 0x0c, 0x20, 0x0b, 0x02, 0x40, 0x20, 0x04, 0x28, 0x02, 0x0c, 0x22, 0x05, 0x0d, 0x00, 0x41, 0x00, 0x21, 0x05, 0x0c, 0x04, 0x0b, 0x02, 0x40, 0x02,
    0x40, 0x20, 0x0f, 0x41, 0x1f, 0x4d, 0x0d, 0x00, 0x20, 0x07, 0x21, 0x17, 0x0c, 0x01, 0x0b, 0x20, 0x13, 0x45, 0x0d, 0x23, 0x20, 0x0f, 0x41, 0x08, 0x6a, 0x21,
    0x16, 0x20, 0x07, 0x41, 0x01, 0x6a, 0x21, 0x17, 0x20, 0x13, 0x41, 0x7f, 0x6a, 0x21, 0x19, 0x20, 0x07, 0x2d, 0x00, 0x00, 0x20, 0x0f, 0x74, 0x20, 0x10, 0x6a,
    0x21, 0x10, 0x02, 0x40, 0x20, 0x0f, 0x41, 0x17, 0x4d, 0x0d, 0x00, 0x20, 0x19, 0x21, 0x13, 0x20, 0x16, 0x21, 0x0f, 0x0c, 0x01, 0x0b, 0x02, 0x40, 0x20, 0x19,
    0x0d, 0x00, 0x20, 0x17, 0x21, 0x07, 0x41, 0x00, 0x21, 0x13, 0x20, 0x16, 0x21, 0x0f, 0x20, 0x11, 0x21, 0x16, 0x0c, 0x25, 0x0b, 0x20, 0x0f, 0x41, 0x10, 0x6a,
    0x21, 0x19, 0x20, 0x07, 0x41, 0x02, 0x6a, 0x21, 0x17, 0x20, 0x13, 0x41, 0x7e, 0x6a, 0x21, 0x1a, 0x20, 0x07, 0x2d, 0x00, 0x01, 0x20, 0x16, 0x74, 0x20, 0x10,
    0x6a, 0x21, 0x10, 0x02, 0x40, 0x20, 0x0f, 0x41, 0x0f, 0x4d, 0x0d, 0x00, 0x20, 0x1a, 0x21, 0x13, 0x20, 0x19, 0x21, 0x0f, 0x0c, 0x01, 0x0b, 0x02, 0x40, 0x20,
    0x1a, 0x0d, 0x00, 0x20, 0x17, 0x21, 0x07, 0x41, 0x00, 0x21, 0x13, 0x20, 0x19, 0x21, 0x0f, 0x20, 0x11, 0x21, 0x16, 0x0c, 0x25, 0x0b, 0x20, 0x0f, 0x41, 0x18,
    0x6a, 0x21, 0x16, 0x20, 0x07, 0x41, 0x03, 0x6a, 0x21, 0x17, 0x20, 0x13, 0x41, 0x7d, 0x6a, 0x21, 0x1a, 0x20, 0x07, 0x2d, 0x00, 0x02, 0x20, 0x19, 0x74, 0x20,
    0x10, 0x6a, 0x21, 0x10, 0x02, 0x40, 0x20, 0x0f, 0x41, 0x07, 0x4d, 0x0d, 0x00, 0x20, 0x1a, 0x21, 0x13, 0x20, 0x16, 0x21, 0x0f, 0x0c, 0x01, 0x0b, 0x02, 0x40,
    0x20, 0x1a, 0x0d, 0x00, 0x20, 0x17, 0x21, 0x07, 0x41, 0x00, 0x21, 0x13, 0x20, 0x16, 0x21, 0x0f, 0x20, 0x11, 0x21, 0x16, 0x0c, 0x25, 0x0b, 0x20, 0x0f, 0x41,
    0x20, 0x72, 0x21, 0x0f, 0x20, 0x07, 0x41, 0x04, 0x6a, 0x21, 0x17, 0x20, 0x13, 0x41, 0x7c, 0x6a, 0x21, 0x13, 0x20, 0x07, 0x2d, 0x00, 0x03, 0x20, 0x16, 0x74,
    0x20, 0x10, 0x6a, 0x21, 0x10, 0x0b, 0x20, 0x00, 0x20, 0x00, 0x28, 0x02, 0x14, 0x20, 0x15, 0x20, 0x14, 0x6b, 0x22, 0x07, 0x6a, 0x36, 0x02, 0x14, 0x20, 0x04,
    0x20, 0x04, 0x28, 0x02, 0x20, 0x20, 0x07, 0x6a, 0x36, 0x02, 0x20, 0x02, 0x40, 0x20, 0x05, 0x41, 0x04, 0x71, 0x22, 0x16, 0x45, 0x0d, 0x00, 0x20, 0x15, 0x20,
    0x14, 0x46, 0x0d, 0x00, 0x20, 0x06, 0x20, 0x07, 0x6b, 0x21, 0x05, 0x20, 0x04, 0x28, 0x02, 0x1c, 0x21, 0x16, 0x02, 0x40, 0x02, 0x40, 0x20, 0x04, 0x28, 0x02,
    0x14, 0x45, 0x0d, 0x00, 0x20, 0x16, 0x20, 0x05, 0x20, 0x07, 0x10, 0x8d, 0x80, 0x80, 0x80, 0x00, 0x21, 0x05, 0x0c, 0x01, 0x0b, 0x20, 0x16, 0x20, 0x05, 0x20,
    0x07, 0x10, 0x8b, 0x80, 0x80, 0x80, 0x00, 0x21, 0x05, 0x0b, 0x20, 0x00, 0x20, 0x05, 0x36, 0x02, 0x30, 0x20, 0x04, 0x20, 0x05, 0x36, 0x02, 0x1c, 0x20, 0x04,
    0x28, 0x02, 0x0c, 0x22, 0x05, 0x41, 0x04, 0x71, 0x21, 0x16, 0x0b, 0x20, 0x16, 0x45, 0x0d, 0x02, 0x20, 0x10, 0x20, 0x10, 0x41, 0x18, 0x74, 0x20, 0x10, 0x41,
    0x80, 0xfe, 0x03, 0x71, 0x41, 0x08, 0x74, 0x72, 0x20, 0x10, 0x41, 0x08, 0x76, 0x41, 0x80, 0xfe, 0x03, 0x71, 0x20, 0x10, 0x41, 0x18, 0x76, 0x72, 0x72, 0x20,
    0x04, 0x28, 0x02, 0x14, 0x1b, 0x20, 0x04, 0x28, 0x02, 0x1c, 0x46, 0x0d, 0x02, 0x20, 0x04, 0x41, 0xd1, 0xfe, 0x00, 0x36, 0x02, 0x04, 0x20, 0x00, 0x41, 0xa1,
    0x8a, 0x80, 0x80, 0x00, 0x36, 0x02, 0x18, 0x20, 0x17, 0x21, 0x07, 0x20, 0x14, 0x21, 0x15, 0x20, 0x04, 0x28, 0x02, 0x04, 0x21, 0x05, 0x0c, 0x1f, 0x0b, 0x20,
    0x04, 0x41, 0xc0, 0xfe, 0x00, 0x36, 0x02, 0x04, 0x0c, 0x0d, 0x0b, 0x20, 0x04, 0x41, 0xce, 0xfe, 0x00, 0x36, 0x02, 0x04, 0x20, 0x10, 0x20, 0x0f, 0x41, 0x07,
    0x71, 0x76, 0x21, 0x10, 0x20, 0x0f, 0x41, 0x78, 0x71, 0x21, 0x0f, 0x20, 0x04, 0x28, 0x02, 0x04, 0x21, 0x05, 0x0c, 0x1d, 0x0b, 0x20, 0x17, 0x21, 0x07, 0x41,
    0x00, 0x21, 0x10, 0x41, 0x00, 0x21, 0x0f, 0x20, 0x14, 0x21, 0x15, 0x0b, 0x20, 0x04, 0x41, 0xcf, 0xfe, 0x00, 0x36, 0x02, 0x04, 0x0c, 0x1a, 0x0b, 0x02, 0x40,
    0x20, 0x05, 0x41, 0x12, 0x4b, 0x0d, 0x00, 0x20, 0x05, 0x21, 0x17, 0x02, 0x40, 0x20, 0x05, 0x41, 0x03, 0x71, 0x22, 0x19, 0x41, 0x03, 0x46, 0x0d, 0x00, 0x20,
    0x05, 0x41, 0x01, 0x74, 0x41, 0xe0, 0x8b, 0x80, 0x80, 0x00, 0x6a, 0x21, 0x16, 0x41, 0x00, 0x21, 0x17, 0x03, 0x40, 0x20, 0x08, 0x20, 0x16, 0x2f, 0x01, 0x00,
    0x41, 0x01, 0x74, 0x6a, 0x41, 0x00, 0x3b, 0x01, 0x00, 0x20, 0x16, 0x41, 0x02, 0x6a, 0x21, 0x16, 0x20, 0x19, 0x20, 0x17, 0x41, 0x01, 0x6a, 0x22, 0x17, 0x73,
    0x41, 0x03, 0x47, 0x0d, 0x00, 0x0b, 0x20, 0x05, 0x20, 0x17, 0x6a, 0x21, 0x17, 0x0b, 0x02, 0x40, 0x20, 0x05, 0x41, 0x0f, 0x4b, 0x0d, 0x00, 0x20, 0x17, 0x41,
    0x6d, 0x6a, 0x21, 0x16, 0x20, 0x17, 0x41, 0x01, 0x74, 0x41, 0xe0, 0x8b, 0x80, 0x80, 0x00, 0x6a, 0x21, 0x05, 0x03, 0x40, 0x20, 0x08, 0x20, 0x05, 0x2f, 0x01,
    0x00, 0x41, 0x01, 0x74, 0x6a, 0x41, 0x00, 0x3b, 0x01, 0x00, 0x20, 0x08, 0x20, 0x05, 0x41, 0x02, 0x6a, 0x2f, 0x01, 0x00, 0x41, 0x01, 0x74, 0x6a, 0x41, 0x00,
    0x3b, 0x01, 0x00, 0x20, 0x08, 0x20, 0x05, 0x41, 0x04, 0x6a, 0x2f, 0x01, 0x00, 0x41, 0x01, 0x74, 0x6a, 0x41, 0x00, 0x3b, 0x01, 0x00, 0x20, 0x08, 0x20, 0x05,
    0x41, 0x06, 0x6a, 0x2f, 0x01, 0x00, 0x41, 0x01, 0x74, 0x6a, 0x41, 0x00, 0x3b, 0x01, 0x00, 0x20, 0x05, 0x41, 0x08, 0x6a, 0x21, 0x05, 0x20, 0x16, 0x41, 0x04,
    0x6a, 0x22, 0x16, 0x0d, 0x00, 0x0b, 0x0b, 0x20, 0x04, 0x41, 0x13, 0x36, 0x02, 0x6c, 0x0b, 0x20, 0x04, 0x20, 0x0e, 0x36, 0x02, 0x54, 0x20, 0x04, 0x20, 0x0e,
    0x36, 0x02, 0x70, 0x20, 0x04, 0x41, 0x07, 0x36, 0x02, 0x58, 0x20, 0x04, 0x20, 0x0e, 0x36, 0x02, 0x50, 0x41, 0x00, 0x21, 0x18, 0x02, 0x40, 0x41, 0x00, 0x20,
    0x08, 0x41, 0x13, 0x20, 0x0d, 0x20, 0x0c, 0x20, 0x0b, 0x10, 0x87, 0x80, 0x80, 0x80, 0x00, 0x22, 0x11, 0x45, 0x0d, 0x00, 0x20, 0x04, 0x41, 0xd1, 0xfe, 0x00,
    0x36, 0x02, 0x04, 0x20, 0x00, 0x41, 0xab, 0x88, 0x80, 0x80, 0x00, 0x36, 0x02, 0x18, 0x20, 0x04, 0x28, 0x02, 0x04, 0x21, 0x05, 0x0c, 0x1b, 0x0b, 0x20, 0x04,
    0x41, 0xc6, 0xfe, 0x00, 0x36, 0x02, 0x04, 0x20, 0x04, 0x41, 0x00, 0x36, 0x02, 0x6c, 0x41, 0x00, 0x21, 0x11, 0x0b, 0x02, 0x40, 0x20, 0x18, 0x20, 0x04, 0x28,
    0x02, 0x68, 0x20, 0x04, 0x28, 0x02, 0x64, 0x22, 0x1b, 0x6a, 0x22, 0x1c, 0x4f, 0x0d, 0x00, 0x41, 0x7f, 0x20, 0x04, 0x28, 0x02, 0x58, 0x74, 0x41, 0x7f, 0x73,
    0x21, 0x1d, 0x20, 0x04, 0x28, 0x02, 0x50, 0x21, 0x1e, 0x03, 0x40, 0x02, 0x40, 0x02, 0x40, 0x20, 0x0f, 0x20, 0x1e, 0x20, 0x10, 0x20, 0x1d, 0x71, 0x22, 0x1f,
    0x41, 0x02, 0x74, 0x6a, 0x2d, 0x00, 0x01, 0x22, 0x1a, 0x49, 0x0d, 0x00, 0x20, 0x07, 0x21, 0x16, 0x20, 0x13, 0x21, 0x05, 0x20, 0x0f, 0x21, 0x17, 0x0c, 0x01,
    0x0b, 0x20, 0x0f, 0x21, 0x19, 0x20, 0x13, 0x21, 0x05, 0x20, 0x07, 0x21, 0x16, 0x03, 0x40, 0x20, 0x05, 0x45, 0x0d, 0x0d, 0x20, 0x16, 0x2d, 0x00, 0x00, 0x20,
    0x19, 0x74, 0x21, 0x1a, 0x20, 0x16, 0x41, 0x01, 0x6a, 0x21, 0x16, 0x20, 0x05, 0x41, 0x7f, 0x6a, 0x21, 0x05, 0x20, 0x19, 0x41, 0x08, 0x6a, 0x22, 0x17, 0x21,
    0x19, 0x20, 0x17, 0x20, 0x1e, 0x20, 0x1a, 0x20, 0x10, 0x6a, 0x22, 0x10, 0x20, 0x1d, 0x71, 0x22, 0x1f, 0x41, 0x02, 0x74, 0x6a, 0x2d, 0x00, 0x01, 0x22, 0x1a,
    0x49, 0x0d, 0x00, 0x0b, 0x0b, 0x02, 0x40, 0x02, 0x40, 0x20, 0x1e, 0x20, 0x1f, 0x41, 0x02, 0x74, 0x6a, 0x2f, 0x01, 0x02, 0x22, 0x13, 0x41, 0x0f, 0x4b, 0x0d,
    0x00, 0x20, 0x04, 0x20, 0x18, 0x41, 0x01, 0x6a, 0x22, 0x07, 0x36, 0x02, 0x6c, 0x20, 0x08, 0x20, 0x18, 0x41, 0x01, 0x74, 0x6a, 0x20, 0x13, 0x3b, 0x01, 0x00,
    0x20, 0x17, 0x20, 0x1a, 0x6b, 0x21, 0x0f, 0x20, 0x10, 0x20, 0x1a, 0x76, 0x21, 0x10, 0x20, 0x07, 0x21, 0x18, 0x0c, 0x01, 0x0b, 0x02, 0x40, 0x02, 0x40, 0x02,
    0x40, 0x02, 0x40, 0x02, 0x40, 0x20, 0x13, 0x41, 0x70, 0x6a, 0x0e, 0x02, 0x00, 0x01, 0x02, 0x0b, 0x02, 0x40, 0x20, 0x17, 0x20, 0x1a, 0x41, 0x02, 0x6a, 0x22,
    0x13, 0x4f, 0x0d, 0x00, 0x03, 0x40, 0x20, 0x05, 0x45, 0x0d, 0x1a, 0x20, 0x05, 0x41, 0x7f, 0x6a, 0x21, 0x05, 0x20, 0x16, 0x2d, 0x00, 0x00, 0x20, 0x17, 0x74,
    0x20, 0x10, 0x6a, 0x21, 0x10, 0x20, 0x16, 0x41, 0x01, 0x6a, 0x21, 0x16, 0x20, 0x17, 0x41, 0x08, 0x6a, 0x22, 0x17, 0x20, 0x13, 0x49, 0x0d, 0x00, 0x0b, 0x0b,
    0x20, 0x17, 0x20, 0x1a, 0x6b, 0x21, 0x0f, 0x20, 0x10, 0x20, 0x1a, 0x76, 0x21, 0x17, 0x02, 0x40, 0x20, 0x18, 0x0d, 0x00, 0x20, 0x04, 0x41, 0xd1, 0xfe, 0x00,
    0x36, 0x02, 0x04, 0x20, 0x00, 0x41, 0xf3, 0x88, 0x80, 0x80, 0x00, 0x36, 0x02, 0x18, 0x20, 0x16, 0x21, 0x07, 0x20, 0x05, 0x21, 0x13, 0x20, 0x17, 0x21, 0x10,
    0x20, 0x04, 0x28, 0x02, 0x04, 0x21, 0x05, 0x0c, 0x21, 0x0b, 0x20, 0x0f, 0x41, 0x7e, 0x6a, 0x21, 0x0f, 0x20, 0x17, 0x41, 0x02, 0x76, 0x21, 0x10, 0x20, 0x17,
    0x41, 0x03, 0x71, 0x41, 0x03, 0x6a, 0x21, 0x1a, 0x20, 0x18, 0x41, 0x01, 0x74, 0x20, 0x08, 0x6a, 0x41, 0x7e, 0x6a, 0x2f, 0x01, 0x00, 0x21, 0x07, 0x0c, 0x03,
    0x0b, 0x02, 0x40, 0x20, 0x17, 0x20, 0x1a, 0x41, 0x03, 0x6a, 0x22, 0x13, 0x4f, 0x0d, 0x00, 0x03, 0x40, 0x20, 0x05, 0x45, 0x0d, 0x19, 0x20, 0x05, 0x41, 0x7f,
    0x6a, 0x21, 0x05, 0x20, 0x16, 0x2d, 0x00, 0x00, 0x20, 0x17, 0x74, 0x20, 0x10, 0x6a, 0x21, 0x10, 0x20, 0x16, 0x41, 0x01, 0x6a, 0x21, 0x16, 0x20, 0x17, 0x41,
    0x08, 0x6a, 0x22, 0x17, 0x20, 0x13, 0x49, 0x0d, 0x00, 0x0b, 0x0b, 0x20, 0x17, 0x20, 0x1a, 0x6b, 0x41, 0x7d, 0x6a, 0x21, 0x0f, 0x20, 0x10, 0x20, 0x1a, 0x76,
    0x22, 0x13, 0x41, 0x03, 0x76, 0x21, 0x10, 0x20, 0x13, 0x41, 0x07, 0x71, 0x41, 0x03, 0x6a, 0x21, 0x1a, 0x0c, 0x01, 0x0b, 0x02, 0x40, 0x20, 0x17, 0x20, 0x1a,
    0x41, 0x07, 0x6a, 0x22, 0x13, 0x4f, 0x0d, 0x00, 0x03, 0x40, 0x20, 0x05, 0x45, 0x0d, 0x18, 0x20, 0x05, 0x41, 0x7f, 0x6a, 0x21, 0x05, 0x20, 0x16, 0x2d, 0x00,
    0x00, 0x20, 0x17, 0x74, 0x20, 0x10, 0x6a, 0x21, 0x10, 0x20, 0x16, 0x41, 0x01, 0x6a, 0x21, 0x16, 0x20, 0x17, 0x41, 0x08, 0x6a, 0x22, 0x17, 0x20, 0x13, 0x49,
    0x0d, 0x00, 0x0b, 0x0b, 0x20, 0x17, 0x20, 0x1a, 0x6b, 0x41, 0x79, 0x6a, 0x21, 0x0f, 0x20, 0x10, 0x20, 0x1a, 0x76, 0x22, 0x13, 0x41, 0x07, 0x76, 0x21, 0x10,
    0x20, 0x13, 0x41, 0xff, 0x00, 0x71, 0x41, 0x0b, 0x6a, 0x21, 0x1a, 0x0b, 0x41, 0x00, 0x21, 0x07, 0x0b, 0x20, 0x1a, 0x20, 0x18, 0x6a, 0x20, 0x1c, 0x4b, 0x0d,
    0x13, 0x02, 0x40, 0x02, 0x40, 0x20, 0x1a, 0x41, 0x03, 0x71, 0x22, 0x17, 0x0d, 0x00, 0x20, 0x1a, 0x21, 0x19, 0x0c, 0x01, 0x0b, 0x20, 0x18, 0x20, 0x17, 0x6a,
    0x21, 0x1f, 0x20, 0x1a, 0x41, 0xfc, 0x01, 0x71, 0x21, 0x19, 0x20, 0x08, 0x20, 0x18, 0x41, 0x01, 0x74, 0x6a, 0x21, 0x13, 0x03, 0x40, 0x20, 0x13, 0x20, 0x07,
    0x3b, 0x01, 0x00, 0x20, 0x13, 0x41, 0x02, 0x6a, 0x21, 0x13, 0x20, 0x17, 0x41, 0x7f, 0x6a, 0x22, 0x17, 0x0d, 0x00, 0x0b, 0x20, 0x1f, 0x21, 0x18, 0x0b, 0x02,
    0x40, 0x20, 0x1a, 0x41, 0x04, 0x49, 0x0d, 0x00, 0x20, 0x04, 0x20, 0x18, 0x41, 0x01, 0x74, 0x6a, 0x21, 0x13, 0x03, 0x40, 0x20, 0x13, 0x41, 0xfa, 0x00, 0x6a,
    0x20, 0x07, 0x3b, 0x01, 0x00, 0x20, 0x13, 0x41, 0xf8, 0x00, 0x6a, 0x20, 0x07, 0x3b, 0x01, 0x00, 0x20, 0x13, 0x41, 0xf6, 0x00, 0x6a, 0x20, 0x07, 0x3b, 0x01,
    0x00, 0x20, 0x13, 0x41, 0xf4, 0x00, 0x6a, 0x20, 0x07, 0x3b, 0x01, 0x00, 0x20, 0x13, 0x41, 0x08, 0x6a, 0x21, 0x13, 0x20, 0x18, 0x41, 0x04, 0x6a, 0x21, 0x18,
    0x20, 0x19, 0x41, 0x7c, 0x6a, 0x22, 0x19, 0x0d, 0x00, 0x0b, 0x0b, 0x20, 0x04, 0x20, 0x18, 0x36, 0x02, 0x6c, 0x0b, 0x20, 0x16, 0x21, 0x07, 0x20, 0x05, 0x21,
    0x13, 0x20, 0x18, 0x20, 0x1c, 0x49, 0x0d, 0x00, 0x0b, 0x0b, 0x02, 0x40, 0x20, 0x04, 0x2f, 0x01, 0xf4, 0x04, 0x0d, 0x00, 0x20, 0x04, 0x41, 0xd1, 0xfe, 0x00,
    0x36, 0x02, 0x04, 0x20, 0x00, 0x41, 0xce, 0x89, 0x80, 0x80, 0x00, 0x36, 0x02, 0x18, 0x20, 0x04, 0x28, 0x02, 0x04, 0x21, 0x05, 0x0c, 0x1a, 0x0b, 0x20, 0x04,
    0x41, 0x09, 0x36, 0x02, 0x58, 0x20, 0x04, 0x20, 0x0e, 0x36, 0x02, 0x50, 0x20, 0x04, 0x20, 0x0e, 0x36, 0x02, 0x70, 0x02, 0x40, 0x41, 0x01, 0x20, 0x08, 0x20,
    0x1b, 0x20, 0x0d, 0x20, 0x0c, 0x20, 0x0b, 0x10, 0x87, 0x80, 0x80, 0x80, 0x00, 0x22, 0x11, 0x45, 0x0d, 0x00, 0x20, 0x04, 0x41, 0xd1, 0xfe, 0x00, 0x36, 0x02,
    0x04, 0x20, 0x00, 0x41, 0x8f, 0x88, 0x80, 0x80, 0x00, 0x36, 0x02, 0x18, 0x20, 0x04, 0x28, 0x02, 0x04, 0x21, 0x05, 0x0c, 0x1a, 0x0b, 0x20, 0x04, 0x41, 0x06,
    0x36, 0x02, 0x5c, 0x20, 0x04, 0x20, 0x04, 0x28, 0x02, 0x70, 0x36, 0x02, 0x54, 0x02, 0x40, 0x41, 0x02, 0x20, 0x08, 0x20, 0x04, 0x28, 0x02, 0x64, 0x41, 0x01,
    0x74, 0x6a, 0x20, 0x04, 0x28, 0x02, 0x68, 0x20, 0x0d, 0x20, 0x0a, 0x20, 0x0b, 0x10, 0x87, 0x80, 0x80, 0x80, 0x00, 0x22, 0x11, 0x45, 0x0d, 0x00, 0x20, 0x04,
    0x41, 0xd1, 0xfe, 0x00, 0x36, 0x02, 0x04, 0x20, 0x00, 0x41, 0xdd, 0x88, 0x80, 0x80, 0x00, 0x36, 0x02, 0x18, 0x20, 0x04, 0x28, 0x02, 0x04, 0x21, 0x05, 0x0c,
    0x1a, 0x0b, 0x20, 0x04, 0x41, 0xc7, 0xfe, 0x00, 0x36, 0x02, 0x04, 0x41, 0x00, 0x21, 0x11, 0x20, 0x01, 0x41, 0x06, 0x47, 0x0d, 0x00, 0x41, 0x00, 0x21, 0x16,
    0x0c, 0x1d, 0x0b, 0x20, 0x04, 0x41, 0xc8, 0xfe, 0x00, 0x36, 0x02, 0x04, 0x0b, 0x02, 0x40, 0x20, 0x13, 0x41, 0x06, 0x49, 0x0d, 0x00, 0x20, 0x14, 0x41, 0x82,
    0x02, 0x49, 0x0d, 0x00, 0x20, 0x00, 0x20, 0x14, 0x36, 0x02, 0x10, 0x20, 0x00, 0x20, 0x06, 0x36, 0x02, 0x0c, 0x20, 0x00, 0x20, 0x13, 0x36, 0x02, 0x04, 0x20,
    0x00, 0x20, 0x07, 0x36, 0x02, 0x00, 0x20, 0x04, 0x20, 0x0f, 0x36, 0x02, 0x40, 0x20, 0x04, 0x20, 0x10, 0x36, 0x02, 0x3c, 0x20, 0x00, 0x20, 0x15, 0x10, 0x89,
    0x80, 0x80, 0x80, 0x00, 0x20, 0x04, 0x28, 0x02, 0x40, 0x21, 0x0f, 0x20, 0x04, 0x28, 0x02, 0x3c, 0x21, 0x10, 0x20, 0x00, 0x28, 0x02, 0x04, 0x21, 0x13, 0x20,
    0x00, 0x28, 0x02, 0x00, 0x21, 0x07, 0x20, 0x00, 0x28, 0x02, 0x10, 0x21, 0x14, 0x20, 0x00, 0x28, 0x02, 0x0c, 0x21, 0x06, 0x20, 0x04, 0x28, 0x02, 0x04, 0x41,
    0xbf, 0xfe, 0x00, 0x47, 0x0d, 0x07, 0x20, 0x04, 0x41, 0x7f, 0x36, 0x02, 0xc8, 0x37, 0x20, 0x04, 0x28, 0x02, 0x04, 0x21, 0x05, 0x0c, 0x18, 0x0b, 0x20, 0x04,
    0x41, 0x00, 0x36, 0x02, 0xc8, 0x37, 0x02, 0x40, 0x02, 0x40, 0x20, 0x0f, 0x20, 0x04, 0x28, 0x02, 0x50, 0x22, 0x1e, 0x20, 0x10, 0x41, 0x7f, 0x20, 0x04, 0x28,
    0x02, 0x58, 0x74, 0x41, 0x7f, 0x73, 0x22, 0x1f, 0x71, 0x41, 0x02, 0x74, 0x6a, 0x22, 0x18, 0x2d, 0x00, 0x01, 0x22, 0x1a, 0x49, 0x0d, 0x00, 0x20, 0x07, 0x21,
    0x16, 0x20, 0x13, 0x21, 0x05, 0x20, 0x0f, 0x21, 0x19, 0x0c, 0x01, 0x0b, 0x20, 0x0f, 0x21, 0x17, 0x20, 0x13, 0x21, 0x05, 0x20, 0x07, 0x21, 0x16, 0x03, 0x40,
    0x20, 0x05, 0x45, 0x0d, 0x0f, 0x20, 0x16, 0x2d, 0x00, 0x00, 0x20, 0x17, 0x74, 0x21, 0x1a, 0x20, 0x16, 0x41, 0x01, 0x6a, 0x21, 0x16, 0x20, 0x05, 0x41, 0x7f,
    0x6a, 0x21, 0x05, 0x20, 0x17, 0x41, 0x08, 0x6a, 0x22, 0x19, 0x21, 0x17, 0x20, 0x19, 0x20, 0x1e, 0x20, 0x1a, 0x20, 0x10, 0x6a, 0x22, 0x10, 0x20, 0x1f, 0x71,
    0x41, 0x02, 0x74, 0x6a, 0x22, 0x18, 0x2d, 0x00, 0x01, 0x22, 0x1a, 0x49, 0x0d, 0x00, 0x0b, 0x0b, 0x20, 0x1a, 0x21, 0x0f, 0x20, 0x18, 0x2f, 0x01, 0x02, 0x21,
    0x17, 0x02, 0x40, 0x02, 0x40, 0x20, 0x18, 0x2d, 0x00, 0x00, 0x22, 0x18, 0x41, 0x7f, 0x6a, 0x41, 0xff, 0x01, 0x71, 0x41, 0x0e, 0x4d, 0x0d, 0x00, 0x41, 0x00,
    0x21, 0x0f, 0x20, 0x16, 0x21, 0x07, 0x20, 0x05, 0x21, 0x13, 0x0c, 0x01, 0x0b, 0x02, 0x40, 0x02, 0x40, 0x20, 0x0f, 0x20, 0x1e, 0x20, 0x17, 0x41, 0x02, 0x74,
    0x6a, 0x22, 0x1f, 0x20, 0x10, 0x41, 0x7f, 0x20, 0x0f, 0x20, 0x18, 0x6a, 0x74, 0x41, 0x7f, 0x73, 0x22, 0x1d, 0x71, 0x20, 0x0f, 0x76, 0x41, 0x02, 0x74, 0x6a,
    0x22, 0x1e, 0x2d, 0x00, 0x01, 0x22, 0x1a, 0x6a, 0x20, 0x19, 0x4b, 0x0d, 0x00, 0x20, 0x16, 0x21, 0x07, 0x20, 0x05, 0x21, 0x13, 0x20, 0x19, 0x21, 0x18, 0x0c,
    0x01, 0x0b, 0x20, 0x19, 0x21, 0x17, 0x20, 0x05, 0x21, 0x13, 0x20, 0x16, 0x21, 0x07, 0x03, 0x40, 0x20, 0x13, 0x45, 0x0d, 0x0f, 0x20, 0x07, 0x2d, 0x00, 0x00,
    0x20, 0x17, 0x74, 0x21, 0x1a, 0x20, 0x07, 0x41, 0x01, 0x6a, 0x21, 0x07, 0x20, 0x13, 0x41, 0x7f, 0x6a, 0x21, 0x13, 0x20, 0x17, 0x41, 0x08, 0x6a, 0x22, 0x18,
    0x21, 0x17, 0x20, 0x0f, 0x20, 0x1f, 0x20, 0x1a, 0x20, 0x10, 0x6a, 0x22, 0x10, 0x20, 0x1d, 0x71, 0x20, 0x0f, 0x76, 0x41, 0x02, 0x74, 0x6a, 0x22, 0x1e, 0x2d,
    0x00, 0x01, 0x22, 0x1a, 0x6a, 0x20, 0x18, 0x4b, 0x0d, 0x00, 0x0b, 0x0b, 0x20, 0x18, 0x20, 0x0f, 0x6b, 0x21, 0x19, 0x20, 0x10, 0x20, 0x0f, 0x76, 0x21, 0x10,
    0x20, 0x1e, 0x2d, 0x00, 0x00, 0x21, 0x18, 0x20, 0x1e, 0x2f, 0x01, 0x02, 0x21, 0x17, 0x0b, 0x20, 0x04, 0x20, 0x17, 0x41, 0xff, 0xff, 0x03, 0x71, 0x36, 0x02,
    0x44, 0x20, 0x04, 0x20, 0x0f, 0x20, 0x1a, 0x6a, 0x36, 0x02, 0xc8, 0x37, 0x20, 0x19, 0x20, 0x1a, 0x6b, 0x21, 0x0f, 0x20, 0x10, 0x20, 0x1a, 0x76, 0x21, 0x10,
    0x02, 0x40, 0x20, 0x18, 0x41, 0xff, 0x01, 0x71, 0x22, 0x05, 0x0d, 0x00, 0x20, 0x04, 0x41, 0xcd, 0xfe, 0x00, 0x36, 0x02, 0x04, 0x20, 0x04, 0x28, 0x02, 0x04,
    0x21, 0x05, 0x0c, 0x18, 0x0b, 0x02, 0x40, 0x20, 0x05, 0x41, 0x20, 0x71, 0x45, 0x0d, 0x00, 0x20, 0x04, 0x41, 0xbf, 0xfe, 0x00, 0x36, 0x02, 0x04, 0x20, 0x04,
    0x41, 0x7f, 0x36, 0x02, 0xc8, 0x37, 0x20, 0x04, 0x28, 0x02, 0x04, 0x21, 0x05, 0x0c, 0x18, 0x0b, 0x02, 0x40, 0x20, 0x05, 0x41, 0xc0, 0x00, 0x71, 0x45, 0x0d,
    0x00, 0x20, 0x04, 0x41, 0xd1, 0xfe, 0x00, 0x36, 0x02, 0x04, 0x20, 0x00, 0x41, 0x8f, 0x8b, 0x80, 0x80, 0x00, 0x36, 0x02, 0x18, 0x20, 0x04, 0x28, 0x02, 0x04,
    0x21, 0x05, 0x0c, 0x18, 0x0b, 0x20, 0x04, 0x41, 0xc9, 0xfe, 0x00, 0x36, 0x02, 0x04, 0x20, 0x04, 0x20, 0x05, 0x41, 0x0f, 0x71, 0x22, 0x17, 0x36, 0x02, 0x4c,
    0x0b, 0x20, 0x07, 0x21, 0x1a, 0x20, 0x13, 0x21, 0x19, 0x02, 0x40, 0x02, 0x40, 0x20, 0x17, 0x0d, 0x00, 0x20, 0x04, 0x28, 0x02, 0x44, 0x21, 0x16, 0x20, 0x1a,
    0x21, 0x07, 0x20, 0x19, 0x21, 0x13, 0x0c, 0x01, 0x0b, 0x02, 0x40, 0x02, 0x40, 0x20, 0x0f, 0x20, 0x17, 0x49, 0x0d, 0x00, 0x20, 0x1a, 0x21, 0x07, 0x20, 0x19,
    0x21, 0x13, 0x20, 0x0f, 0x21, 0x05, 0x0c, 0x01, 0x0b, 0x20, 0x0f, 0x21, 0x05, 0x20, 0x19, 0x21, 0x13, 0x20, 0x1a, 0x21, 0x16, 0x03, 0x40, 0x20, 0x13, 0x45,
    0x0d, 0x0d, 0x20, 0x13, 0x41, 0x7f, 0x6a, 0x21, 0x13, 0x20, 0x16, 0x2d, 0x00, 0x00, 0x20, 0x05, 0x74, 0x20, 0x10, 0x6a, 0x21, 0x10, 0x20, 0x16, 0x41, 0x01,
    0x6a, 0x22, 0x07, 0x21, 0x16, 0x20, 0x05, 0x41, 0x08, 0x6a, 0x22, 0x05, 0x20, 0x17, 0x49, 0x0d, 0x00, 0x0b, 0x0b, 0x20, 0x04, 0x20, 0x04, 0x28, 0x02, 0xc8,
    0x37, 0x20, 0x17, 0x6a, 0x36, 0x02, 0xc8, 0x37, 0x20, 0x04, 0x20, 0x04, 0x28, 0x02, 0x44, 0x20, 0x10, 0x41, 0x7f, 0x20, 0x17, 0x74, 0x41, 0x7f, 0x73, 0x71,
    0x6a, 0x22, 0x16, 0x36, 0x02, 0x44, 0x20, 0x05, 0x20, 0x17, 0x6b, 0x21, 0x0f, 0x20, 0x10, 0x20, 0x17, 0x76, 0x21, 0x10, 0x0b, 0x20, 0x04, 0x41, 0xca, 0xfe,
    0x00, 0x36, 0x02, 0x04, 0x20, 0x04, 0x20, 0x16, 0x36, 0x02, 0xcc, 0x37, 0x0b, 0x02, 0x40, 0x02, 0x40, 0x20, 0x0f, 0x20, 0x04, 0x28, 0x02, 0x54, 0x22, 0x1e,
    0x20, 0x10, 0x41, 0x7f, 0x20, 0x04, 0x28, 0x02, 0x5c, 0x74, 0x41, 0x7f, 0x73, 0x22, 0x1f, 0x71, 0x41, 0x02, 0x74, 0x6a, 0x22, 0x18, 0x2d, 0x00, 0x01, 0x22,
    0x1a, 0x49, 0x0d, 0x00, 0x20, 0x07, 0x21, 0x16, 0x20, 0x13, 0x21, 0x05, 0x20, 0x0f, 0x21, 0x19, 0x0c, 0x01, 0x0b, 0x20, 0x0f, 0x21, 0x17, 0x20, 0x13, 0x21,
    0x05, 0x20, 0x07, 0x21, 0x16, 0x03, 0x40, 0x20, 0x05, 0x45, 0x0d, 0x0a, 0x20, 0x16, 0x2d, 0x00, 0x00, 0x20, 0x17, 0x74, 0x21, 0x1a, 0x20, 0x16, 0x41, 0x01,
    0x6a, 0x21, 0x16, 0x20, 0x05, 0x41, 0x7f, 0x6a, 0x21, 0x05, 0x20, 0x17, 0x41, 0x08, 0x6a, 0x22, 0x19, 0x21, 0x17, 0x20, 0x19, 0x20, 0x1e, 0x20, 0x1a, 0x20,
    0x10, 0x6a, 0x22, 0x10, 0x20, 0x1f, 0x71, 0x41, 0x02, 0x74, 0x6a, 0x22, 0x18, 0x2d, 0x00, 0x01, 0x22, 0x1a, 0x49, 0x0d, 0x00, 0x0b, 0x0b, 0x20, 0x18, 0x2f,
    0x01, 0x02, 0x21, 0x1f, 0x02, 0x40, 0x02, 0x40, 0x20, 0x18, 0x2d, 0x00, 0x00, 0x22, 0x17, 0x41, 0x10, 0x49, 0x0d, 0x00, 0x20, 0x04, 0x28, 0x02, 0xc8, 0x37,
    0x21, 0x0f, 0x20, 0x16, 0x21, 0x07, 0x20, 0x05, 0x21, 0x13, 0x20, 0x1a, 0x21, 0x18, 0x0c, 0x01, 0x0b, 0x02, 0x40, 0x02, 0x40, 0x20, 0x1a, 0x20, 0x1e, 0x20,
    0x1f, 0x41, 0x02, 0x74, 0x6a, 0x22, 0x1f, 0x20, 0x10, 0x41, 0x7f, 0x20, 0x1a, 0x20, 0x17, 0x6a, 0x74, 0x41, 0x7f, 0x73, 0x22, 0x1d, 0x71, 0x20, 0x1a, 0x76,
    0x41, 0x02, 0x74, 0x6a, 0x22, 0x1e, 0x2d, 0x00, 0x01, 0x22, 0x18, 0x6a, 0x20, 0x19, 0x4b, 0x0d, 0x00, 0x20, 0x16, 0x21, 0x07, 0x20, 0x05, 0x21, 0x13, 0x20,
    0x19, 0x21, 0x17, 0x0c, 0x01, 0x0b, 0x20, 0x19, 0x21, 0x0f, 0x20, 0x05, 0x21, 0x13, 0x20, 0x16, 0x21, 0x07, 0x03, 0x40, 0x20, 0x13, 0x45, 0x0d, 0x0a, 0x20,
    0x07, 0x2d, 0x00, 0x00, 0x20, 0x0f, 0x74, 0x21, 0x18, 0x20, 0x07, 0x41, 0x01, 0x6a, 0x21, 0x07, 0x20, 0x13, 0x41, 0x7f, 0x6a, 0x21, 0x13, 0x20, 0x0f, 0x41,
    0x08, 0x6a, 0x22, 0x17, 0x21, 0x0f, 0x20, 0x1a, 0x20, 0x1f, 0x20, 0x18, 0x20, 0x10, 0x6a, 0x22, 0x10, 0x20, 0x1d, 0x71, 0x20, 0x1a, 0x76, 0x41, 0x02, 0x74,
    0x6a, 0x22, 0x1e, 0x2d, 0x00, 0x01, 0x22, 0x18, 0x6a, 0x20, 0x17, 0x4b, 0x0d, 0x00, 0x0b, 0x0b, 0x20, 0x17, 0x20, 0x1a, 0x6b, 0x21, 0x19, 0x20, 0x10, 0x20,
    0x1a, 0x76, 0x21, 0x10, 0x20, 0x04, 0x28, 0x02, 0xc8, 0x37, 0x20, 0x1a, 0x6a, 0x21, 0x0f, 0x20, 0x1e, 0x2d, 0x00, 0x00, 0x21, 0x17, 0x20, 0x1e, 0x2f, 0x01,
    0x02, 0x21, 0x1f, 0x0b, 0x20, 0x04, 0x20, 0x0f, 0x20, 0x18, 0x6a, 0x36, 0x02, 0xc8, 0x37, 0x20, 0x19, 0x20, 0x18, 0x6b, 0x21, 0x0f, 0x20, 0x10, 0x20, 0x18,
    0x76, 0x21, 0x10, 0x02, 0x40, 0x20, 0x17, 0x41, 0xc0, 0x00, 0x71, 0x45, 0x0d, 0x00, 0x20, 0x04, 0x41, 0xd1, 0xfe, 0x00, 0x36, 0x02, 0x04, 0x20, 0x00, 0x41,
    0xab, 0x8b, 0x80, 0x80, 0x00, 0x36, 0x02, 0x18, 0x20, 0x04, 0x28, 0x02, 0x04, 0x21, 0x05, 0x0c, 0x16, 0x0b, 0x20, 0x04, 0x41, 0xcb, 0xfe, 0x00, 0x36, 0x02,
    0x04, 0x20, 0x04, 0x20, 0x17, 0x41, 0xff, 0x01, 0x71, 0x41, 0x0f, 0x71, 0x22, 0x17, 0x36, 0x02, 0x4c, 0x20, 0x04, 0x20, 0x1f, 0x41, 0xff, 0xff, 0x03, 0x71,
    0x36, 0x02, 0x48, 0x0b, 0x20, 0x07, 0x21, 0x1a, 0x20, 0x13, 0x21, 0x19, 0x02, 0x40, 0x02, 0x40, 0x20, 0x17, 0x0d, 0x00, 0x20, 0x1a, 0x21, 0x07, 0x20, 0x19,
    0x21, 0x13, 0x0c, 0x01, 0x0b, 0x02, 0x40, 0x02, 0x40, 0x20, 0x0f, 0x20, 0x17, 0x49, 0x0d, 0x00, 0x20, 0x1a, 0x21, 0x07, 0x20, 0x19, 0x21, 0x13, 0x20, 0x0f,
    0x21, 0x05, 0x0c, 0x01, 0x0b, 0x20, 0x0f, 0x21, 0x05, 0x20, 0x19, 0x21, 0x13, 0x20, 0x1a, 0x21, 0x16, 0x03, 0x40, 0x20, 0x13, 0x45, 0x0d, 0x08, 0x20, 0x13,
    0x41, 0x7f, 0x6a, 0x21, 0x13, 0x20, 0x16, 0x2d, 0x00, 0x00, 0x20, 0x05, 0x74, 0x20, 0x10, 0x6a, 0x21, 0x10, 0x20, 0x16, 0x41, 0x01, 0x6a, 0x22, 0x07, 0x21,
    0x16, 0x20, 0x05, 0x41, 0x08, 0x6a, 0x22, 0x05, 0x20, 0x17, 0x49, 0x0d, 0x00, 0x0b, 0x0b, 0x20, 0x04, 0x20, 0x04, 0x28, 0x02, 0xc8, 0x37, 0x20, 0x17, 0x6a,
    0x36, 0x02, 0xc8, 0x37, 0x20, 0x04, 0x20, 0x04, 0x28, 0x02, 0x48, 0x20, 0x10, 0x41, 0x7f, 0x20, 0x17, 0x74, 0x41, 0x7f, 0x73, 0x71, 0x6a, 0x36, 0x02, 0x48,
    0x20, 0x05, 0x20, 0x17, 0x6b, 0x21, 0x0f, 0x20, 0x10, 0x20, 0x17, 0x76, 0x21, 0x10, 0x0b, 0x20, 0x04, 0x41, 0xcc, 0xfe, 0x00, 0x36, 0x02, 0x04, 0x0b, 0x20,
    0x14, 0x0d, 0x01, 0x0b, 0x41, 0x00, 0x21, 0x14, 0x20, 0x11, 0x21, 0x16, 0x0c, 0x16, 0x0b, 0x02, 0x40, 0x02, 0x40, 0x20, 0x04, 0x28, 0x02, 0x48, 0x22, 0x05,
    0x20, 0x15, 0x20, 0x14, 0x6b, 0x22, 0x16, 0x4d, 0x0d, 0x00, 0x02, 0x40, 0x20, 0x05, 0x20, 0x16, 0x6b, 0x22, 0x16, 0x20, 0x04, 0x28, 0x02, 0x30, 0x4d, 0x0d,
    0x00, 0x20, 0x04, 0x28, 0x02, 0xc4, 0x37, 0x45, 0x0d, 0x00, 0x20, 0x04, 0x41, 0xd1, 0xfe, 0x00, 0x36, 0x02, 0x04, 0x20, 0x00, 0x41, 0xb6, 0x8a, 0x80, 0x80,
    0x00, 0x36, 0x02, 0x18, 0x20, 0x04, 0x28, 0x02, 0x04, 0x21, 0x05, 0x0c, 0x14, 0x0b, 0x02, 0x40, 0x02, 0x40, 0x20, 0x16, 0x20, 0x04, 0x28, 0x02, 0x34, 0x22,
    0x05, 0x4d, 0x0d, 0x00, 0x20, 0x04, 0x28, 0x02, 0x38, 0x20, 0x04, 0x28, 0x02, 0x2c, 0x20, 0x16, 0x20, 0x05, 0x6b, 0x22, 0x16, 0x6b, 0x6a, 0x21, 0x05, 0x0c,
    0x01, 0x0b, 0x20, 0x04, 0x28, 0x02, 0x38, 0x20, 0x05, 0x20, 0x16, 0x6b, 0x6a, 0x21, 0x05, 0x0b, 0x20, 0x16, 0x20, 0x04, 0x28, 0x02, 0x44, 0x22, 0x17, 0x20,
    0x16, 0x20, 0x17, 0x49, 0x1b, 0x21, 0x16, 0x0c, 0x01, 0x0b, 0x20, 0x06, 0x20, 0x05, 0x6b, 0x21, 0x05, 0x20, 0x04, 0x28, 0x02, 0x44, 0x22, 0x17, 0x21, 0x16,
    0x0b, 0x20, 0x04, 0x20, 0x17, 0x20, 0x16, 0x20, 0x14, 0x20, 0x16, 0x20, 0x14, 0x49, 0x1b, 0x22, 0x19, 0x6b, 0x36, 0x02, 0x44, 0x20, 0x19, 0x41, 0x7f, 0x6a,
    0x21, 0x1a, 0x02, 0x40, 0x02, 0x40, 0x20, 0x19, 0x41, 0x07, 0x71, 0x22, 0x16, 0x0d, 0x00, 0x20, 0x19, 0x21, 0x17, 0x0c, 0x01, 0x0b, 0x20, 0x19, 0x41, 0x78,
    0x71, 0x21, 0x17, 0x03, 0x40, 0x20, 0x06, 0x20, 0x05, 0x2d, 0x00, 0x00, 0x3a, 0x00, 0x00, 0x20, 0x06, 0x41, 0x01, 0x6a, 0x21, 0x06, 0x20, 0x05, 0x41, 0x01,
    0x6a, 0x21, 0x05, 0x20, 0x16, 0x41, 0x7f, 0x6a, 0x22, 0x16, 0x0d, 0x00, 0x0b, 0x0b, 0x02, 0x40, 0x20, 0x1a, 0x41, 0x07, 0x49, 0x0d, 0x00, 0x03, 0x40, 0x20,
    0x06, 0x20, 0x05, 0x2d, 0x00, 0x00, 0x3a, 0x00, 0x00, 0x20, 0x06, 0x41, 0x01, 0x6a, 0x20, 0x05, 0x41, 0x01, 0x6a, 0x2d, 0x00, 0x00, 0x3a, 0x00, 0x00, 0x20,
    0x06, 0x41, 0x02, 0x6a, 0x20, 0x05, 0x41, 0x02, 0x6a, 0x2d, 0x00, 0x00, 0x3a, 0x00, 0x00, 0x20, 0x06, 0x41, 0x03, 0x6a, 0x20, 0x05, 0x41, 0x03, 0x6a, 0x2d,
    0x00, 0x00, 0x3a, 0x00, 0x00, 0x20, 0x06, 0x41, 0x04, 0x6a, 0x20, 0x05, 0x41, 0x04, 0x6a, 0x2d, 0x00, 0x00, 0x3a, 0x00, 0x00, 0x20, 0x06, 0x41, 0x05, 0x6a,
    0x20, 0x05, 0x41, 0x05, 0x6a, 0x2d, 0x00, 0x00, 0x3a, 0x00, 0x00, 0x20, 0x06, 0x41, 0x06, 0x6a, 0x20, 0x05, 0x41, 0x06, 0x6a, 0x2d, 0x00, 0x00, 0x3a, 0x00,
    0x00, 0x20, 0x06, 0x41, 0x07, 0x6a, 0x20, 0x05, 0x41, 0x07, 0x6a, 0x2d, 0x00, 0x00, 0x3a, 0x00, 0x00, 0x20, 0x06, 0x41, 0x08, 0x6a, 0x21, 0x06, 0x20, 0x05,
    0x41, 0x08, 0x6a, 0x21, 0x05, 0x20, 0x17, 0x41, 0x78, 0x6a, 0x22, 0x17, 0x0d, 0x00, 0x0b, 0x0b, 0x20, 0x14, 0x20, 0x19, 0x6b, 0x21, 0x14, 0x20, 0x04, 0x28,
    0x02, 0x44, 0x0d, 0x00, 0x20, 0x04, 0x41, 0xc8, 0xfe, 0x00, 0x36, 0x02, 0x04, 0x20, 0x04, 0x28, 0x02, 0x04, 0x21, 0x05, 0x0c, 0x11, 0x0b, 0x20, 0x04, 0x28,
    0x02, 0x04, 0x21, 0x05, 0x0c, 0x10, 0x0b, 0x20, 0x07, 0x20, 0x13, 0x6a, 0x21, 0x07, 0x20, 0x0f, 0x20, 0x13, 0x41, 0x03, 0x74, 0x6a, 0x21, 0x0f, 0x0c, 0x12,
    0x0b, 0x20, 0x1a, 0x20, 0x19, 0x6a, 0x21, 0x07, 0x20, 0x0f, 0x20, 0x19, 0x41, 0x03, 0x74, 0x6a, 0x21, 0x0f, 0x0c, 0x11, 0x0b, 0x20, 0x16, 0x20, 0x05, 0x6a,
    0x21, 0x07, 0x20, 0x19, 0x20, 0x05, 0x41, 0x03, 0x74, 0x6a, 0x21, 0x0f, 0x0c, 0x10, 0x0b, 0x20, 0x07, 0x20, 0x13, 0x6a, 0x21, 0x07, 0x20, 0x0f, 0x20, 0x13,
    0x41, 0x03, 0x74, 0x6a, 0x21, 0x0f, 0x0c, 0x0f, 0x0b, 0x20, 0x1a, 0x20, 0x19, 0x6a, 0x21, 0x07, 0x20, 0x0f, 0x20, 0x19, 0x41, 0x03, 0x74, 0x6a, 0x21, 0x0f,
    0x0c, 0x0e, 0x0b, 0x20, 0x16, 0x20, 0x05, 0x6a, 0x21, 0x07, 0x20, 0x19, 0x20, 0x05, 0x41, 0x03, 0x74, 0x6a, 0x21, 0x0f, 0x0c, 0x0d, 0x0b, 0x20, 0x07, 0x20,
    0x13, 0x6a, 0x21, 0x07, 0x20, 0x0f, 0x20, 0x13, 0x41, 0x03, 0x74, 0x6a, 0x21, 0x0f, 0x0c, 0x0c, 0x0b, 0x20, 0x04, 0x41, 0xd1, 0xfe, 0x00, 0x36, 0x02, 0x04,
    0x20, 0x00, 0x41, 0xf3, 0x88, 0x80, 0x80, 0x00, 0x36, 0x02, 0x18, 0x20, 0x16, 0x21, 0x07, 0x20, 0x05, 0x21, 0x13, 0x20, 0x04, 0x28, 0x02, 0x04, 0x21, 0x05,
    0x0c, 0x08, 0x0b, 0x41, 0x00, 0x21, 0x13, 0x20, 0x16, 0x21, 0x07, 0x20, 0x17, 0x21, 0x0f, 0x20, 0x11, 0x21, 0x16, 0x0c, 0x0b, 0x0b, 0x02, 0x40, 0x20, 0x04,
    0x28, 0x02, 0x24, 0x22, 0x16, 0x45, 0x0d, 0x00, 0x20, 0x16, 0x41, 0x00, 0x36, 0x02, 0x10, 0x0b, 0x20, 0x05, 0x21, 0x0f, 0x0b, 0x20, 0x04, 0x41, 0xb9, 0xfe,
    0x00, 0x36, 0x02, 0x04, 0x0b, 0x02, 0x40, 0x20, 0x04, 0x28, 0x02, 0x14, 0x22, 0x17, 0x41, 0x80, 0x08, 0x71, 0x45, 0x0d, 0x00, 0x02, 0x40, 0x20, 0x04, 0x28,
    0x02, 0x44, 0x22, 0x05, 0x20, 0x13, 0x20, 0x05, 0x20, 0x13, 0x49, 0x1b, 0x22, 0x16, 0x45, 0x0d, 0x00, 0x02, 0x40, 0x20, 0x04, 0x28, 0x02, 0x24, 0x22, 0x19,
    0x45, 0x0d, 0x00, 0x20, 0x19, 0x28, 0x02, 0x10, 0x22, 0x1a, 0x45, 0x0d, 0x00, 0x20, 0x19, 0x28, 0x02, 0x18, 0x22, 0x18, 0x20, 0x19, 0x28, 0x02, 0x14, 0x20,
    0x05, 0x6b, 0x22, 0x05, 0x4d, 0x0d, 0x00, 0x20, 0x1a, 0x20, 0x05, 0x6a, 0x20, 0x07, 0x20, 0x18, 0x20, 0x05, 0x6b, 0x20, 0x16, 0x20, 0x05, 0x20, 0x16, 0x6a,
    0x20, 0x18, 0x4b, 0x1b, 0x10, 0x8e, 0x80, 0x80, 0x80, 0x00, 0x20, 0x04, 0x28, 0x02, 0x14, 0x21, 0x17, 0x0b, 0x02, 0x40, 0x20, 0x17, 0x41, 0x80, 0x04, 0x71,
    0x45, 0x0d, 0x00, 0x20, 0x04, 0x2d, 0x00, 0x0c, 0x41, 0x04, 0x71, 0x45, 0x0d, 0x00, 0x20, 0x04, 0x20, 0x04, 0x28, 0x02, 0x1c, 0x20, 0x07, 0x20, 0x16, 0x10,
    0x8d, 0x80, 0x80, 0x80, 0x00, 0x36, 0x02, 0x1c, 0x0b, 0x20, 0x04, 0x20, 0x04, 0x28, 0x02, 0x44, 0x20, 0x16, 0x6b, 0x22, 0x05, 0x36, 0x02, 0x44, 0x20, 0x07,
    0x20, 0x16, 0x6a, 0x21, 0x07, 0x20, 0x13, 0x20, 0x16, 0x6b, 0x21, 0x13, 0x0b, 0x20, 0x05, 0x45, 0x0d, 0x00, 0x20, 0x11, 0x21, 0x16, 0x0c, 0x09, 0x0b, 0x20,
    0x04, 0x41, 0xba, 0xfe, 0x00, 0x36, 0x02, 0x04, 0x20, 0x04, 0x41, 0x00, 0x36, 0x02, 0x44, 0x0b, 0x02, 0x40, 0x02, 0x40, 0x20, 0x04, 0x2d, 0x00, 0x15, 0x41,
    0x08, 0x71, 0x45, 0x0d, 0x00, 0x20, 0x13, 0x45, 0x0d, 0x08, 0x41, 0x00, 0x21, 0x05, 0x03, 0x40, 0x20, 0x07, 0x20, 0x05, 0x6a, 0x2d, 0x00, 0x00, 0x21, 0x16,
    0x02, 0x40, 0x20, 0x04, 0x28, 0x02, 0x24, 0x22, 0x17, 0x45, 0x0d, 0x00, 0x20, 0x17, 0x28, 0x02, 0x1c, 0x22, 0x19, 0x45, 0x0d, 0x00, 0x20, 0x04, 0x28, 0x02,
    0x44, 0x22, 0x1a, 0x20, 0x17, 0x28, 0x02, 0x20, 0x4f, 0x0d, 0x00, 0x20, 0x04, 0x20, 0x1a, 0x41, 0x01, 0x6a, 0x36, 0x02, 0x44, 0x20, 0x19, 0x20, 0x1a, 0x6a,
    0x20, 0x16, 0x3a, 0x00, 0x00, 0x0b, 0x20, 0x05, 0x41, 0x01, 0x6a, 0x21, 0x05, 0x02, 0x40, 0x20, 0x16, 0x41, 0xff, 0x01, 0x71, 0x45, 0x0d, 0x00, 0x20, 0x05,
    0x20, 0x13, 0x49, 0x0d, 0x01, 0x0b, 0x0b, 0x02, 0x40, 0x20, 0x04, 0x2d, 0x00, 0x15, 0x41, 0x02, 0x71, 0x45, 0x0d, 0x00, 0x20, 0x04, 0x2d, 0x00, 0x0c, 0x41,
    0x04, 0x71, 0x45, 0x0d, 0x00, 0x20, 0x04, 0x20, 0x04, 0x28, 0x02, 0x1c, 0x20, 0x07, 0x20, 0x05, 0x10, 0x8d, 0x80, 0x80, 0x80, 0x00, 0x36, 0x02, 0x1c, 0x0b,
    0x02, 0x40, 0x20, 0x16, 0x41, 0xff, 0x01, 0x71, 0x0d, 0x00, 0x20, 0x07, 0x20, 0x05, 0x6a, 0x21, 0x07, 0x20, 0x13, 0x20, 0x05, 0x6b, 0x21, 0x13, 0x0c, 0x02,
    0x0b, 0x20, 0x13, 0x20, 0x05, 0x6b, 0x21, 0x13, 0x20, 0x07, 0x20, 0x05, 0x6a, 0x21, 0x07, 0x20, 0x11, 0x21, 0x16, 0x0c, 0x09, 0x0b, 0x20, 0x04, 0x28, 0x02,
    0x24, 0x22, 0x05, 0x45, 0x0d, 0x00, 0x20, 0x05, 0x41, 0x00, 0x36, 0x02, 0x1c, 0x0b, 0x20, 0x04, 0x41, 0xbb, 0xfe, 0x00, 0x36, 0x02, 0x04, 0x20, 0x04, 0x41,
    0x00, 0x36, 0x02, 0x44, 0x0b, 0x02, 0x40, 0x02, 0x40, 0x20, 0x04, 0x2d, 0x00, 0x15, 0x41, 0x10, 0x71, 0x45, 0x0d, 0x00, 0x20, 0x13, 0x45, 0x0d, 0x07, 0x41,
    0x00, 0x21, 0x05, 0x03, 0x40, 0x20, 0x07, 0x20, 0x05, 0x6a, 0x2d, 0x00, 0x00, 0x21, 0x16, 0x02, 0x40, 0x20, 0x04, 0x28, 0x02, 0x24, 0x22, 0x17, 0x45, 0x0d,
    0x00, 0x20, 0x17, 0x28, 0x02, 0x24, 0x22, 0x19, 0x45, 0x0d, 0x00, 0x20, 0x04, 0x28, 0x02, 0x44, 0x22, 0x1a, 0x20, 0x17, 0x28, 0x02, 0x28, 0x4f, 0x0d, 0x00,
    0x20, 0x04, 0x20, 0x1a, 0x41, 0x01, 0x6a, 0x36, 0x02, 0x44, 0x20, 0x19, 0x20, 0x1a, 0x6a, 0x20, 0x16, 0x3a, 0x00, 0x00, 0x0b, 0x20, 0x05, 0x41, 0x01, 0x6a,
    0x21, 0x05, 0x02, 0x40, 0x20, 0x16, 0x41, 0xff, 0x01, 0x71, 0x45, 0x0d, 0x00, 0x20, 0x05, 0x20, 0x13, 0x49, 0x0d, 0x01, 0x0b, 0x0b, 0x02, 0x40, 0x20, 0x04,
    0x2d, 0x00, 0x15, 0x41, 0x02, 0x71, 0x45, 0x0d, 0x00, 0x20, 0x04, 0x2d, 0x00, 0x0c, 0x41, 0x04, 0x71, 0x45, 0x0d, 0x00, 0x20, 0x04, 0x20, 0x04, 0x28, 0x02,
    0x1c, 0x20, 0x07, 0x20, 0x05, 0x10, 0x8d, 0x80, 0x80, 0x80, 0x00, 0x36, 0x02, 0x1c, 0x0b, 0x02, 0x40, 0x20, 0x16, 0x41, 0xff, 0x01, 0x71, 0x0d, 0x00, 0x20,
    0x07, 0x20, 0x05, 0x6a, 0x21, 0x07, 0x20, 0x13, 0x20, 0x05, 0x6b, 0x21, 0x13, 0x0c, 0x02, 0x0b, 0x20, 0x13, 0x20, 0x05, 0x6b, 0x21, 0x13, 0x20, 0x07, 0x20,
    0x05, 0x6a, 0x21, 0x07, 0x20, 0x11, 0x21, 0x16, 0x0c, 0x08, 0x0b, 0x20, 0x04, 0x28, 0x02, 0x24, 0x22, 0x05, 0x45, 0x0d, 0x00, 0x20, 0x05, 0x41, 0x00, 0x36,
    0x02, 0x24, 0x0b, 0x20, 0x04, 0x41, 0xbc, 0xfe, 0x00, 0x36, 0x02, 0x04, 0x0b, 0x02, 0x40, 0x20, 0x04, 0x28, 0x02, 0x14, 0x22, 0x16, 0x41, 0x80, 0x04, 0x71,
    0x45, 0x0d, 0x00, 0x02, 0x40, 0x02, 0x40, 0x20, 0x0f, 0x41, 0x0f, 0x4d, 0x0d, 0x00, 0x20, 0x07, 0x21, 0x05, 0x0c, 0x01, 0x0b, 0x20, 0x13, 0x45, 0x0d, 0x06,
    0x20, 0x0f, 0x41, 0x08, 0x6a, 0x21, 0x17, 0x20, 0x07, 0x41, 0x01, 0x6a, 0x21, 0x05, 0x20, 0x13, 0x41, 0x7f, 0x6a, 0x21, 0x19, 0x20, 0x07, 0x2d, 0x00, 0x00,
    0x20, 0x0f, 0x74, 0x20, 0x10, 0x6a, 0x21, 0x10, 0x02, 0x40, 0x20, 0x0f, 0x41, 0x07, 0x4d, 0x0d, 0x00, 0x20, 0x19, 0x21, 0x13, 0x20, 0x17, 0x21, 0x0f, 0x0c,
    0x01, 0x0b, 0x02, 0x40, 0x20, 0x19, 0x0d, 0x00, 0x20, 0x05, 0x21, 0x07, 0x41, 0x00, 0x21, 0x13, 0x20, 0x17, 0x21, 0x0f, 0x20, 0x11, 0x21, 0x16, 0x0c, 0x08,
    0x0b, 0x20, 0x0f, 0x41, 0x10, 0x72, 0x21, 0x0f, 0x20, 0x07, 0x41, 0x02, 0x6a, 0x21, 0x05, 0x20, 0x13, 0x41, 0x7e, 0x6a, 0x21, 0x13, 0x20, 0x07, 0x2d, 0x00,
    0x01, 0x20, 0x17, 0x74, 0x20, 0x10, 0x6a, 0x21, 0x10, 0x0b, 0x02, 0x40, 0x20, 0x04, 0x2d, 0x00, 0x0c, 0x41, 0x04, 0x71, 0x45, 0x0d, 0x00, 0x20, 0x10, 0x20,
    0x04, 0x2f, 0x01, 0x1c, 0x46, 0x0d, 0x00, 0x20, 0x04, 0x41, 0xd1, 0xfe, 0x00, 0x36, 0x02, 0x04, 0x20, 0x00, 0x41, 0xd4, 0x8a, 0x80, 0x80, 0x00, 0x36, 0x02,
    0x18, 0x20, 0x05, 0x21, 0x07, 0x20, 0x04, 0x28, 0x02, 0x04, 0x21, 0x05, 0x0c, 0x03, 0x0b, 0x20, 0x05, 0x21, 0x07, 0x41, 0x00, 0x21, 0x10, 0x41, 0x00, 0x21,
    0x0f, 0x0b, 0x02, 0x40, 0x20, 0x04, 0x28, 0x02, 0x24, 0x22, 0x05, 0x45, 0x0d, 0x00, 0x20, 0x05, 0x41, 0x01, 0x36, 0x02, 0x30, 0x20, 0x05, 0x20, 0x16, 0x41,
    0x09, 0x76, 0x41, 0x01, 0x71, 0x36, 0x02, 0x2c, 0x0b, 0x20, 0x00, 0x41, 0x00, 0x41, 0x00, 0x41, 0x00, 0x10, 0x8d, 0x80, 0x80, 0x80, 0x00, 0x22, 0x05, 0x36,
    0x02, 0x30, 0x20, 0x04, 0x20, 0x05, 0x36, 0x02, 0x1c, 0x20, 0x04, 0x41, 0xbf, 0xfe, 0x00, 0x36, 0x02, 0x04, 0x20, 0x04, 0x28, 0x02, 0x04, 0x21, 0x05, 0x0c,
    0x01, 0x0b, 0x20, 0x05, 0x45, 0x0d, 0x01, 0x20, 0x04, 0x28, 0x02, 0x14, 0x45, 0x0d, 0x01, 0x02, 0x40, 0x02, 0x40, 0x20, 0x0f, 0x41, 0x1f, 0x4d, 0x0d, 0x00,
    0x20, 0x07, 0x21, 0x16, 0x0c, 0x01, 0x0b, 0x20, 0x13, 0x45, 0x0d, 0x04, 0x20, 0x0f, 0x41, 0x08, 0x6a, 0x21, 0x17, 0x20, 0x07, 0x41, 0x01, 0x6a, 0x21, 0x16,
    0x20, 0x13, 0x41, 0x7f, 0x6a, 0x21, 0x19, 0x20, 0x07, 0x2d, 0x00, 0x00, 0x20, 0x0f, 0x74, 0x20, 0x10, 0x6a, 0x21, 0x10, 0x02, 0x40, 0x20, 0x0f, 0x41, 0x17,
    0x4d, 0x0d, 0x00, 0x20, 0x19, 0x21, 0x13, 0x20, 0x17, 0x21, 0x0f, 0x0c, 0x01, 0x0b, 0x02, 0x40, 0x20, 0x19, 0x0d, 0x00, 0x20, 0x16, 0x21, 0x07, 0x41, 0x00,
    0x21, 0x13, 0x20, 0x17, 0x21, 0x0f, 0x20, 0x11, 0x21, 0x16, 0x0c, 0x06, 0x0b, 0x20, 0x0f, 0x41, 0x10, 0x6a, 0x21, 0x19, 0x20, 0x07, 0x41, 0x02, 0x6a, 0x21,
    0x16, 0x20, 0x13, 0x41, 0x7e, 0x6a, 0x21, 0x1a, 0x20, 0x07, 0x2d, 0x00, 0x01, 0x20, 0x17, 0x74, 0x20, 0x10, 0x6a, 0x21, 0x10, 0x02, 0x40, 0x20, 0x0f, 0x41,
    0x0f, 0x4d, 0x0d, 0x00, 0x20, 0x1a, 0x21, 0x13, 0x20, 0x19, 0x21, 0x0f, 0x0c, 0x01, 0x0b, 0x02, 0x40, 0x20, 0x1a, 0x0d, 0x00, 0x20, 0x16, 0x21, 0x07, 0x41,
    0x00, 0x21, 0x13, 0x20, 0x19, 0x21, 0x0f, 0x20, 0x11, 0x21, 0x16, 0x0c, 0x06, 0x0b, 0x20, 0x0f, 0x41, 0x18, 0x6a, 0x21, 0x17, 0x20, 0x07, 0x41, 0x03, 0x6a,
    0x21, 0x16, 0x20, 0x13, 0x41, 0x7d, 0x6a, 0x21, 0x1a, 0x20, 0x07, 0x2d, 0x00, 0x02, 0x20, 0x19, 0x74, 0x20, 0x10, 0x6a, 0x21, 0x10, 0x02, 0x40, 0x20, 0x0f,
    0x41, 0x07, 0x4d, 0x0d, 0x00, 0x20, 0x1a, 0x21, 0x13, 0x20, 0x17, 0x21, 0x0f, 0x0c, 0x01, 0x0b, 0x02, 0x40, 0x20, 0x1a, 0x0d, 0x00, 0x20, 0x16, 0x21, 0x07,
    0x41, 0x00, 0x21, 0x13, 0x20, 0x17, 0x21, 0x0f, 0x20, 0x11, 0x21, 0x16, 0x0c, 0x06, 0x0b, 0x20, 0x0f, 0x41, 0x20, 0x72, 0x21, 0x0f, 0x20, 0x07, 0x41, 0x04,
    0x6a, 0x21, 0x16, 0x20, 0x13, 0x41, 0x7c, 0x6a, 0x21, 0x13, 0x20, 0x07, 0x2d, 0x00, 0x03, 0x20, 0x17, 0x74, 0x20, 0x10, 0x6a, 0x21, 0x10, 0x0b, 0x02, 0x40,
    0x20, 0x05, 0x41, 0x04, 0x71, 0x45, 0x0d, 0x00, 0x20, 0x10, 0x20, 0x04, 0x28, 0x02, 0x20, 0x46, 0x0d, 0x00, 0x20, 0x04, 0x41, 0xd1, 0xfe, 0x00, 0x36, 0x02,
    0x04, 0x20, 0x00, 0x41, 0x8a, 0x8a, 0x80, 0x80, 0x00, 0x36, 0x02, 0x18, 0x20, 0x16, 0x21, 0x07, 0x20, 0x04, 0x28, 0x02, 0x04, 0x21, 0x05, 0x0c, 0x01, 0x0b,
    0x0b, 0x20, 0x16, 0x21, 0x07, 0x41, 0x00, 0x21, 0x10, 0x41, 0x00, 0x21, 0x0f, 0x0b, 0x20, 0x04, 0x41, 0xd0, 0xfe, 0x00, 0x36, 0x02, 0x04, 0x0b, 0x41, 0x01,
    0x21, 0x16, 0x0c, 0x01, 0x0b, 0x41, 0x00, 0x21, 0x13, 0x20, 0x11, 0x21, 0x16, 0x0b, 0x20, 0x00, 0x20, 0x14, 0x36, 0x02, 0x10, 0x20, 0x00, 0x20, 0x06, 0x36,
    0x02, 0x0c, 0x20, 0x00, 0x20, 0x13, 0x36, 0x02, 0x04, 0x20, 0x00, 0x20, 0x07, 0x36, 0x02, 0x00, 0x20, 0x04, 0x20, 0x0f, 0x36, 0x02, 0x40, 0x20, 0x04, 0x20,
    0x10, 0x36, 0x02, 0x3c, 0x02, 0x40, 0x02, 0x40, 0x02, 0x40, 0x20, 0x04, 0x28, 0x02, 0x2c, 0x0d, 0x00, 0x20, 0x15, 0x20, 0x14, 0x46, 0x0d, 0x01, 0x20, 0x04,
    0x28, 0x02, 0x04, 0x22, 0x03, 0x41, 0xd0, 0xfe, 0x00, 0x4b, 0x0d, 0x01, 0x20, 0x01, 0x41, 0x04, 0x47, 0x0d, 0x00, 0x20, 0x03, 0x41, 0xcd, 0xfe, 0x00, 0x4b,
    0x0d, 0x01, 0x0b, 0x20, 0x00, 0x20, 0x06, 0x20, 0x15, 0x20, 0x14, 0x6b, 0x10, 0x86, 0x80, 0x80, 0x80, 0x00, 0x0d, 0x01, 0x20, 0x00, 0x28, 0x02, 0x10, 0x21,
    0x14, 0x20, 0x00, 0x28, 0x02, 0x04, 0x21, 0x13, 0x0b, 0x20, 0x00, 0x20, 0x12, 0x20, 0x13, 0x6b, 0x20, 0x00, 0x28, 0x02, 0x08, 0x6a, 0x36, 0x02, 0x08, 0x20,
    0x00, 0x20, 0x00, 0x28, 0x02, 0x14, 0x20, 0x15, 0x20, 0x14, 0x6b, 0x22, 0x03, 0x6a, 0x36, 0x02, 0x14, 0x20, 0x04, 0x20, 0x04, 0x28, 0x02, 0x20, 0x20, 0x03,
    0x6a, 0x36, 0x02, 0x20, 0x02, 0x40, 0x20, 0x04, 0x2d, 0x00, 0x0c, 0x41, 0x04, 0x71, 0x45, 0x0d, 0x00, 0x20, 0x15, 0x20, 0x14, 0x46, 0x0d, 0x00, 0x20, 0x00,
    0x28, 0x02, 0x0c, 0x20, 0x03, 0x6b, 0x21, 0x06, 0x20, 0x04, 0x28, 0x02, 0x1c, 0x21, 0x05, 0x02, 0x40, 0x02, 0x40, 0x20, 0x04, 0x28, 0x02, 0x14, 0x45, 0x0d,
    0x00, 0x20, 0x05, 0x20, 0x06, 0x20, 0x03, 0x10, 0x8d, 0x80, 0x80, 0x80, 0x00, 0x21, 0x03, 0x0c, 0x01, 0x0b, 0x20, 0x05, 0x20, 0x06, 0x20, 0x03, 0x10, 0x8b,
    0x80, 0x80, 0x80, 0x00, 0x21, 0x03, 0x0b, 0x20, 0x00, 0x20, 0x03, 0x36, 0x02, 0x30, 0x20, 0x04, 0x20, 0x03, 0x36, 0x02, 0x1c, 0x0b, 0x20, 0x00, 0x41, 0xc0,
    0x00, 0x41, 0x00, 0x20, 0x04, 0x28, 0x02, 0x08, 0x1b, 0x20, 0x04, 0x28, 0x02, 0x40, 0x6a, 0x41, 0x80, 0x01, 0x41, 0x00, 0x20, 0x04, 0x28, 0x02, 0x04, 0x22,
    0x04, 0x41, 0xbf, 0xfe, 0x00, 0x46, 0x1b, 0x6a, 0x41, 0x80, 0x02, 0x41, 0x80, 0x02, 0x41, 0x00, 0x20, 0x04, 0x41, 0xc2, 0xfe, 0x00, 0x46, 0x1b, 0x20, 0x04,
    0x41, 0xc7, 0xfe, 0x00, 0x46, 0x1b, 0x6a, 0x36, 0x02, 0x2c, 0x20, 0x16, 0x41, 0x7b, 0x20, 0x16, 0x1b, 0x22, 0x00, 0x20, 0x00, 0x20, 0x16, 0x20, 0x15, 0x20,
    0x14, 0x46, 0x1b, 0x20, 0x16, 0x20, 0x12, 0x20, 0x13, 0x46, 0x1b, 0x20, 0x01, 0x41, 0x04, 0x46, 0x1b, 0x21, 0x03, 0x0c, 0x02, 0x0b, 0x20, 0x04, 0x41, 0xd2,
    0xfe, 0x00, 0x36, 0x02, 0x04, 0x0b, 0x41, 0x7c, 0x21, 0x03, 0x0b, 0x20, 0x02, 0x41, 0x10, 0x6a, 0x24, 0x80, 0x80, 0x80, 0x80, 0x00, 0x20, 0x03, 0x0b, 0xa5,
    0x02, 0x01, 0x03, 0x7f, 0x02, 0x40, 0x02, 0x40, 0x20, 0x00, 0x28, 0x02, 0x1c, 0x22, 0x03, 0x28, 0x02, 0x38, 0x22, 0x04, 0x0d, 0x00, 0x41, 0x01, 0x21, 0x05,
    0x20, 0x03, 0x20, 0x00, 0x28, 0x02, 0x28, 0x41, 0x01, 0x20, 0x03, 0x28, 0x02, 0x28, 0x74, 0x41, 0x01, 0x20, 0x00, 0x28, 0x02, 0x20, 0x11, 0x81, 0x80, 0x80,
    0x80, 0x00, 0x00, 0x22, 0x04, 0x36, 0x02, 0x38, 0x20, 0x04, 0x45, 0x0d, 0x01, 0x0b, 0x02, 0x40, 0x20, 0x03, 0x28, 0x02, 0x2c, 0x22, 0x00, 0x0d, 0x00, 0x20,
    0x03, 0x42, 0x00, 0x37, 0x02, 0x30, 0x20, 0x03, 0x41, 0x01, 0x20, 0x03, 0x28, 0x02, 0x28, 0x74, 0x22, 0x00, 0x36, 0x02, 0x2c, 0x0b, 0x02, 0x40, 0x20, 0x02,
    0x20, 0x00, 0x49, 0x0d, 0x00, 0x20, 0x04, 0x20, 0x01, 0x20, 0x00, 0x6b, 0x20, 0x00, 0x10, 0x8e, 0x80, 0x80, 0x80, 0x00, 0x20, 0x03, 0x41, 0x00, 0x36, 0x02,
    0x34, 0x20, 0x03, 0x20, 0x03, 0x28, 0x02, 0x2c, 0x36, 0x02, 0x30, 0x41, 0x00, 0x0f, 0x0b, 0x20, 0x04, 0x20, 0x03, 0x28, 0x02, 0x34, 0x22, 0x05, 0x6a, 0x20,
    0x01, 0x20, 0x02, 0x6b, 0x20, 0x00, 0x20, 0x05, 0x6b, 0x22, 0x00, 0x20, 0x02, 0x20, 0x00, 0x20, 0x02, 0x49, 0x1b, 0x22, 0x04, 0x10, 0x8e, 0x80, 0x80, 0x80,
    0x00, 0x02, 0x40, 0x20, 0x02, 0x20, 0x00, 0x4d, 0x0d, 0x00, 0x20, 0x03, 0x28, 0x02, 0x38, 0x20, 0x01, 0x20, 0x02, 0x20, 0x04, 0x6b, 0x22, 0x02, 0x6b, 0x20,
    0x02, 0x10, 0x8e, 0x80, 0x80, 0x80, 0x00, 0x20, 0x03, 0x20, 0x02, 0x36, 0x02, 0x34, 0x20, 0x03, 0x20, 0x03, 0x28, 0x02, 0x2c, 0x36, 0x02, 0x30, 0x41, 0x00,
    0x0f, 0x0b, 0x41, 0x00, 0x21, 0x05, 0x20, 0x03, 0x41, 0x00, 0x20, 0x03, 0x28, 0x02, 0x34, 0x20, 0x04, 0x6a, 0x22, 0x02, 0x20, 0x02, 0x20, 0x03, 0x28, 0x02,
    0x2c, 0x22, 0x00, 0x46, 0x1b, 0x36, 0x02, 0x34, 0x20, 0x03, 0x28, 0x02, 0x30, 0x22, 0x02, 0x20, 0x00, 0x4f, 0x0d, 0x00, 0x20, 0x03, 0x20, 0x02, 0x20, 0x04,
    0x6a, 0x36, 0x02, 0x30, 0x0b, 0x20, 0x05, 0x0b, 0xb6, 0x11, 0x01, 0x16, 0x7f, 0x23, 0x80, 0x80, 0x80, 0x80, 0x00, 0x41, 0xc0, 0x00, 0x6b, 0x22, 0x06, 0x42,
    0x00, 0x37, 0x03, 0x38, 0x20, 0x06, 0x42, 0x00, 0x37, 0x03, 0x30, 0x20, 0x06, 0x42, 0x00, 0x37, 0x03, 0x28, 0x20, 0x06, 0x42, 0x00, 0x37, 0x03, 0x20, 0x02,
    0x40, 0x02, 0x40, 0x02, 0x40, 0x02, 0x40, 0x02, 0x40, 0x02, 0x40, 0x20, 0x02, 0x45, 0x0d, 0x00, 0x20, 0x02, 0x41, 0x03, 0x71, 0x21, 0x07, 0x41, 0x00, 0x21,
    0x08, 0x02, 0x40, 0x20, 0x02, 0x41, 0x04, 0x49, 0x0d, 0x00, 0x20, 0x02, 0x41, 0x7c, 0x71, 0x21, 0x09, 0x41, 0x00, 0x21, 0x08, 0x20, 0x01, 0x21, 0x0a, 0x03,
    0x40, 0x20, 0x06, 0x41, 0x20, 0x6a, 0x20, 0x0a, 0x2f, 0x01, 0x00, 0x41, 0x01, 0x74, 0x6a, 0x22, 0x0b, 0x20, 0x0b, 0x2f, 0x01, 0x00, 0x41, 0x01, 0x6a, 0x3b,
    0x01, 0x00, 0x20, 0x06, 0x41, 0x20, 0x6a, 0x20, 0x0a, 0x41, 0x02, 0x6a, 0x2f, 0x01, 0x00, 0x41, 0x01, 0x74, 0x6a, 0x22, 0x0b, 0x20, 0x0b, 0x2f, 0x01, 0x00,
    0x41, 0x01, 0x6a, 0x3b, 0x01, 0x00, 0x20, 0x06, 0x41, 0x20, 0x6a, 0x20, 0x0a, 0x41, 0x04, 0x6a, 0x2f, 0x01, 0x00, 0x41, 0x01, 0x74, 0x6a, 0x22, 0x0b, 0x20,
    0x0b, 0x2f, 0x01, 0x00, 0x41, 0x01, 0x6a, 0x3b, 0x01, 0x00, 0x20, 0x06, 0x41, 0x20, 0x6a, 0x20, 0x0a, 0x41, 0x06, 0x6a, 0x2f, 0x01, 0x00, 0x41, 0x01, 0x74,
    0x6a, 0x22, 0x0b, 0x20, 0x0b, 0x2f, 0x01, 0x00, 0x41, 0x01, 0x6a, 0x3b, 0x01, 0x00, 0x20, 0x0a, 0x41, 0x08, 0x6a, 0x21, 0x0a, 0x20, 0x09, 0x20, 0x08, 0x41,
    0x04, 0x6a, 0x22, 0x08, 0x47, 0x0d, 0x00, 0x0b, 0x0b, 0x02, 0x40, 0x20, 0x07, 0x45, 0x0d, 0x00, 0x20, 0x01, 0x20, 0x08, 0x41, 0x01, 0x74, 0x6a, 0x21, 0x0a,
    0x03, 0x40, 0x20, 0x06, 0x41, 0x20, 0x6a, 0x20, 0x0a, 0x2f, 0x01, 0x00, 0x41, 0x01, 0x74, 0x6a, 0x22, 0x08, 0x20, 0x08, 0x2f, 0x01, 0x00, 0x41, 0x01, 0x6a,
    0x3b, 0x01, 0x00, 0x20, 0x0a, 0x41, 0x02, 0x6a, 0x21, 0x0a, 0x20, 0x07, 0x41, 0x7f, 0x6a, 0x22, 0x07, 0x0d, 0x00, 0x0b, 0x0b, 0x20, 0x04, 0x28, 0x02, 0x00,
    0x21, 0x0a, 0x20, 0x06, 0x2f, 0x01, 0x3e, 0x22, 0x09, 0x45, 0x0d, 0x01, 0x41, 0x0f, 0x21, 0x08, 0x0c, 0x02, 0x0b, 0x20, 0x04, 0x28, 0x02, 0x00, 0x21, 0x0a,
    0x0b, 0x41, 0x00, 0x21, 0x09, 0x02, 0x40, 0x20, 0x06, 0x2f, 0x01, 0x3c, 0x45, 0x0d, 0x00, 0x41, 0x0e, 0x21, 0x08, 0x0c, 0x01, 0x0b, 0x02, 0x40, 0x20, 0x06,
    0x2f, 0x01, 0x3a, 0x45, 0x0d, 0x00, 0x41, 0x0d, 0x21, 0x08, 0x0c, 0x01, 0x0b, 0x02, 0x40, 0x20, 0x06, 0x2f, 0x01, 0x38, 0x45, 0x0d, 0x00, 0x41, 0x0c, 0x21,
    0x08, 0x0c, 0x01, 0x0b, 0x02, 0x40, 0x20, 0x06, 0x2f, 0x01, 0x36, 0x45, 0x0d, 0x00, 0x41, 0x0b, 0x21, 0x08, 0x0c, 0x01, 0x0b, 0x02, 0x40, 0x20, 0x06, 0x2f,
    0x01, 0x34, 0x45, 0x0d, 0x00, 0x41, 0x0a, 0x21, 0x08, 0x0c, 0x01, 0x0b, 0x02, 0x40, 0x20, 0x06, 0x2f, 0x01, 0x32, 0x45, 0x0d, 0x00, 0x41, 0x09, 0x21, 0x08,
    0x0c, 0x01, 0x0b, 0x02, 0x40, 0x20, 0x06, 0x2f, 0x01, 0x30, 0x45, 0x0d, 0x00, 0x41, 0x08, 0x21, 0x08, 0x0c, 0x01, 0x0b, 0x02, 0x40, 0x20, 0x06, 0x2f, 0x01,
    0x2e, 0x45, 0x0d, 0x00, 0x41, 0x07, 0x21, 0x08, 0x0c, 0x01, 0x0b, 0x02, 0x40, 0x20, 0x06, 0x2f, 0x01, 0x2c, 0x45, 0x0d, 0x00, 0x41, 0x06, 0x21, 0x08, 0x0c,
    0x01, 0x0b, 0x02, 0x40, 0x20, 0x06, 0x2f, 0x01, 0x2a, 0x45, 0x0d, 0x00, 0x41, 0x05, 0x21, 0x08, 0x0c, 0x01, 0x0b, 0x02, 0x40, 0x20, 0x06, 0x2f, 0x01, 0x28,
    0x45, 0x0d, 0x00, 0x41, 0x04, 0x21, 0x08, 0x0c, 0x01, 0x0b, 0x02, 0x40, 0x20, 0x06, 0x2f, 0x01, 0x26, 0x45, 0x0d, 0x00, 0x41, 0x03, 0x21, 0x08, 0x0c, 0x01,
    0x0b, 0x02, 0x40, 0x20, 0x06, 0x2f, 0x01, 0x24, 0x45, 0x0d, 0x00, 0x41, 0x02, 0x21, 0x08, 0x0c, 0x01, 0x0b, 0x02, 0x40, 0x20, 0x06, 0x2f, 0x01, 0x22, 0x0d,
    0x00, 0x20, 0x03, 0x20, 0x03, 0x28, 0x02, 0x00, 0x22, 0x06, 0x41, 0x04, 0x6a, 0x36, 0x02, 0x00, 0x20, 0x06, 0x41, 0xc0, 0x02, 0x3b, 0x01, 0x00, 0x20, 0x06,
    0x41, 0x00, 0x3b, 0x01, 0x02, 0x20, 0x03, 0x20, 0x03, 0x28, 0x02, 0x00, 0x22, 0x06, 0x41, 0x04, 0x6a, 0x36, 0x02, 0x00, 0x20, 0x06, 0x41, 0x00, 0x3b, 0x01,
    0x02, 0x20, 0x06, 0x41, 0xc0, 0x02, 0x3b, 0x01, 0x00, 0x41, 0x01, 0x21, 0x0c, 0x0c, 0x03, 0x0b, 0x41, 0x00, 0x21, 0x0d, 0x20, 0x0a, 0x41, 0x00, 0x47, 0x21,
    0x0e, 0x41, 0x01, 0x21, 0x08, 0x41, 0x00, 0x21, 0x09, 0x41, 0x01, 0x21, 0x07, 0x0c, 0x01, 0x0b, 0x20, 0x0a, 0x20, 0x08, 0x20, 0x0a, 0x20, 0x08, 0x49, 0x1b,
    0x21, 0x0e, 0x20, 0x06, 0x41, 0x20, 0x6a, 0x41, 0x02, 0x72, 0x21, 0x0a, 0x41, 0x01, 0x21, 0x07, 0x02, 0x40, 0x03, 0x40, 0x20, 0x0a, 0x2f, 0x01, 0x00, 0x0d,
    0x01, 0x20, 0x0a, 0x41, 0x02, 0x6a, 0x21, 0x0a, 0x20, 0x08, 0x20, 0x07, 0x41, 0x01, 0x6a, 0x22, 0x07, 0x47, 0x0d, 0x00, 0x0b, 0x20, 0x08, 0x21, 0x07, 0x0b,
    0x41, 0x01, 0x21, 0x0d, 0x0b, 0x41, 0x7f, 0x21, 0x0a, 0x20, 0x06, 0x2f, 0x01, 0x22, 0x22, 0x0b, 0x41, 0x02, 0x4b, 0x0d, 0x01, 0x41, 0x04, 0x20, 0x0b, 0x41,
    0x01, 0x74, 0x6b, 0x41, 0xfe, 0xff, 0x03, 0x71, 0x20, 0x06, 0x2f, 0x01, 0x24, 0x22, 0x0f, 0x6b, 0x22, 0x10, 0x41, 0x00, 0x48, 0x0d, 0x01, 0x20, 0x10, 0x41,
    0x01, 0x74, 0x20, 0x06, 0x2f, 0x01, 0x26, 0x22, 0x11, 0x6b, 0x22, 0x10, 0x41, 0x00, 0x48, 0x0d, 0x01, 0x20, 0x10, 0x41, 0x01, 0x74, 0x20, 0x06, 0x2f, 0x01,
    0x28, 0x22, 0x12, 0x6b, 0x22, 0x10, 0x41, 0x00, 0x48, 0x0d, 0x01, 0x20, 0x10, 0x41, 0x01, 0x74, 0x20, 0x06, 0x2f, 0x01, 0x2a, 0x22, 0x13, 0x6b, 0x22, 0x10,
    0x41, 0x00, 0x48, 0x0d, 0x01, 0x20, 0x10, 0x41, 0x01, 0x74, 0x20, 0x06, 0x2f, 0x01, 0x2c, 0x22, 0x0c, 0x6b, 0x22, 0x10, 0x41, 0x00, 0x48, 0x0d, 0x01, 0x20,
    0x10, 0x41, 0x01, 0x74, 0x20, 0x06, 0x2f, 0x01, 0x2e, 0x22, 0x14, 0x6b, 0x22, 0x10, 0x41, 0x00, 0x48, 0x0d, 0x01, 0x20, 0x10, 0x41, 0x01, 0x74, 0x20, 0x06,
    0x2f, 0x01, 0x30, 0x22, 0x15, 0x6b, 0x22, 0x10, 0x41, 0x00, 0x48, 0x0d, 0x01, 0x20, 0x10, 0x41, 0x01, 0x74, 0x20, 0x06, 0x2f, 0x01, 0x32, 0x22, 0x16, 0x6b,
    0x22, 0x10, 0x41, 0x00, 0x48, 0x0d, 0x01, 0x20, 0x10, 0x41, 0x01, 0x74, 0x20, 0x06, 0x2f, 0x01, 0x34, 0x22, 0x17, 0x6b, 0x22, 0x10, 0x41, 0x00, 0x48, 0x0d,
    0x01, 0x20, 0x10, 0x41, 0x01, 0x74, 0x20, 0x06, 0x2f, 0x01, 0x36, 0x22, 0x18, 0x6b, 0x22, 0x10, 0x41, 0x00, 0x48, 0x0d, 0x01, 0x20, 0x10, 0x41, 0x01, 0x74,
    0x20, 0x06, 0x2f, 0x01, 0x38, 0x22, 0x19, 0x6b, 0x22, 0x10, 0x41, 0x00, 0x48, 0x0d, 0x01, 0x20, 0x10, 0x41, 0x01, 0x74, 0x20, 0x06, 0x2f, 0x01, 0x3a, 0x22,
    0x1a, 0x6b, 0x22, 0x10, 0x41, 0x00, 0x48, 0x0d, 0x01, 0x20, 0x10, 0x41, 0x01, 0x74, 0x20, 0x06, 0x2f, 0x01, 0x3c, 0x22, 0x1b, 0x6b, 0x22, 0x10, 0x41, 0x00,
    0x48, 0x0d, 0x01, 0x20, 0x10, 0x41, 0x01, 0x74, 0x22, 0x10, 0x20, 0x09, 0x49, 0x0d, 0x01, 0x02, 0x40, 0x20, 0x10, 0x20, 0x09, 0x46, 0x0d, 0x00, 0x20, 0x00,
    0x45, 0x20, 0x0d, 0x72, 0x0d, 0x02, 0x0b, 0x20, 0x0e, 0x20, 0x07, 0x4b, 0x21, 0x0d, 0x41, 0x00, 0x21, 0x09, 0x20, 0x06, 0x41, 0x00, 0x3b, 0x01, 0x02, 0x20,
    0x06, 0x20, 0x0b, 0x3b, 0x01, 0x04, 0x20, 0x06, 0x20, 0x0f, 0x20, 0x0b, 0x6a, 0x22, 0x0a, 0x3b, 0x01, 0x06, 0x20, 0x06, 0x20, 0x11, 0x20, 0x0a, 0x6a, 0x22,
    0x0a, 0x3b, 0x01, 0x08, 0x20, 0x06, 0x20, 0x12, 0x20, 0x0a, 0x6a, 0x22, 0x0a, 0x3b, 0x01, 0x0a, 0x20, 0x06, 0x20, 0x13, 0x20, 0x0a, 0x6a, 0x22, 0x0a, 0x3b,
    0x01, 0x0c, 0x20, 0x06, 0x20, 0x0c, 0x20, 0x0a, 0x6a, 0x22, 0x0a, 0x3b, 0x01, 0x0e, 0x20, 0x06, 0x20, 0x14, 0x20, 0x0a, 0x6a, 0x22, 0x0a, 0x3b, 0x01, 0x10,
    0x20, 0x06, 0x20, 0x15, 0x20, 0x0a, 0x6a, 0x22, 0x0a, 0x3b, 0x01, 0x12, 0x20, 0x06, 0x20, 0x16, 0x20, 0x0a, 0x6a, 0x22, 0x0a, 0x3b, 0x01, 0x14, 0x20, 0x06,
    0x20, 0x17, 0x20, 0x0a, 0x6a, 0x22, 0x0a, 0x3b, 0x01, 0x16, 0x20, 0x06, 0x20, 0x18, 0x20, 0x0a, 0x6a, 0x22, 0x0a, 0x3b, 0x01, 0x18, 0x20, 0x06, 0x20, 0x19,
    0x20, 0x0a, 0x6a, 0x22, 0x0a, 0x3b, 0x01, 0x1a, 0x20, 0x06, 0x20, 0x1a, 0x20, 0x0a, 0x6a, 0x22, 0x0a, 0x3b, 0x01, 0x1c, 0x20, 0x06, 0x20, 0x1b, 0x20, 0x0a,
    0x6a, 0x3b, 0x01, 0x1e, 0x02, 0x40, 0x20, 0x02, 0x45, 0x0d, 0x00, 0x20, 0x02, 0x41, 0x01, 0x71, 0x21, 0x10, 0x02, 0x40, 0x20, 0x02, 0x41, 0x01, 0x46, 0x0d,
    0x00, 0x20, 0x02, 0x41, 0x7e, 0x71, 0x21, 0x02, 0x41, 0x00, 0x21, 0x09, 0x20, 0x01, 0x21, 0x0a, 0x03, 0x40, 0x02, 0x40, 0x20, 0x0a, 0x2f, 0x01, 0x00, 0x22,
    0x0b, 0x45, 0x0d, 0x00, 0x20, 0x06, 0x20, 0x0b, 0x41, 0x01, 0x74, 0x6a, 0x22, 0x0b, 0x20, 0x0b, 0x2f, 0x01, 0x00, 0x22, 0x0b, 0x41, 0x01, 0x6a, 0x3b, 0x01,
    0x00, 0x20, 0x05, 0x20, 0x0b, 0x41, 0x01, 0x74, 0x6a, 0x20, 0x09, 0x3b, 0x01, 0x00, 0x0b, 0x02, 0x40, 0x20, 0x0a, 0x41, 0x02, 0x6a, 0x2f, 0x01, 0x00, 0x22,
    0x0b, 0x45, 0x0d, 0x00, 0x20, 0x06, 0x20, 0x0b, 0x41, 0x01, 0x74, 0x6a, 0x22, 0x0b, 0x20, 0x0b, 0x2f, 0x01, 0x00, 0x22, 0x0b, 0x41, 0x01, 0x6a, 0x3b, 0x01,
    0x00, 0x20, 0x05, 0x20, 0x0b, 0x41, 0x01, 0x74, 0x6a, 0x20, 0x09, 0x41, 0x01, 0x6a, 0x3b, 0x01, 0x00, 0x0b, 0x20, 0x0a, 0x41, 0x04, 0x6a, 0x21, 0x0a, 0x20,
    0x02, 0x20, 0x09, 0x41, 0x02, 0x6a, 0x22, 0x09, 0x47, 0x0d, 0x00, 0x0b, 0x0b, 0x20, 0x10, 0x45, 0x0d, 0x00, 0x20, 0x01, 0x20, 0x09, 0x41, 0x01, 0x74, 0x6a,
    0x2f, 0x01, 0x00, 0x22, 0x0a, 0x45, 0x0d, 0x00, 0x20, 0x06, 0x20, 0x0a, 0x41, 0x01, 0x74, 0x6a, 0x22, 0x0a, 0x20, 0x0a, 0x2f, 0x01, 0x00, 0x22, 0x0a, 0x41,
    0x01, 0x6a, 0x3b, 0x01, 0x00, 0x20, 0x05, 0x20, 0x0a, 0x41, 0x01, 0x74, 0x6a, 0x20, 0x09, 0x3b, 0x01, 0x00, 0x0b, 0x20, 0x0e, 0x20, 0x07, 0x20, 0x0d, 0x1b,
    0x21, 0x0c, 0x41, 0x00, 0x21, 0x1b, 0x41, 0x00, 0x21, 0x17, 0x41, 0x00, 0x21, 0x18, 0x41, 0x00, 0x21, 0x13, 0x41, 0x00, 0x21, 0x1a, 0x02, 0x40, 0x02, 0x40,
    0x02, 0x40, 0x02, 0x40, 0x02, 0x40, 0x20, 0x00, 0x0e, 0x03, 0x00, 0x01, 0x02, 0x04, 0x0b, 0x41, 0x14, 0x21, 0x13, 0x41, 0x00, 0x21, 0x1b, 0x41, 0x00, 0x21,
    0x17, 0x41, 0x00, 0x21, 0x18, 0x0c, 0x02, 0x0b, 0x41, 0x01, 0x21, 0x0a, 0x20, 0x0c, 0x41, 0x09, 0x4b, 0x0d, 0x04, 0x41, 0x81, 0x02, 0x21, 0x13, 0x41, 0xd0,
    0x8c, 0x80, 0x80, 0x00, 0x21, 0x18, 0x41, 0x90, 0x8c, 0x80, 0x80, 0x00, 0x21, 0x17, 0x41, 0x00, 0x21, 0x1b, 0x41, 0x01, 0x21, 0x1a, 0x0c, 0x02, 0x0b, 0x41,
    0x01, 0x21, 0x0a, 0x20, 0x0c, 0x41, 0x09, 0x4b, 0x0d, 0x03, 0x41, 0x00, 0x21, 0x13, 0x41, 0xd0, 0x8d, 0x80, 0x80, 0x00, 0x21, 0x18, 0x41, 0x90, 0x8d, 0x80,
    0x80, 0x00, 0x21, 0x17, 0x41, 0x01, 0x21, 0x1b, 0x0b, 0x41, 0x00, 0x21, 0x1a, 0x0b, 0x41, 0x01, 0x20, 0x0c, 0x74, 0x22, 0x19, 0x41, 0x7f, 0x6a, 0x21, 0x16,
    0x20, 0x03, 0x28, 0x02, 0x00, 0x21, 0x14, 0x41, 0x00, 0x21, 0x0f, 0x20, 0x0c, 0x21, 0x0e, 0x41, 0x00, 0x21, 0x11, 0x41, 0x00, 0x21, 0x09, 0x41, 0x7f, 0x21,
    0x15, 0x03, 0x40, 0x41, 0x01, 0x20, 0x0e, 0x74, 0x21, 0x12, 0x02, 0x40, 0x03, 0x40, 0x02, 0x40, 0x02, 0x40, 0x20, 0x05, 0x20, 0x0f, 0x41, 0x01, 0x74, 0x6a,
    0x2f, 0x01, 0x00, 0x22, 0x02, 0x41, 0x01, 0x6a, 0x20, 0x13, 0x4f, 0x0d, 0x00, 0x41, 0x00, 0x21, 0x0d, 0x0c, 0x01, 0x0b, 0x02, 0x40, 0x20, 0x02, 0x20, 0x13,
    0x4f, 0x0d, 0x00, 0x41, 0xe0, 0x00, 0x21, 0x0d, 0x41, 0x00, 0x21, 0x02, 0x0c, 0x01, 0x0b, 0x20, 0x17, 0x20, 0x02, 0x20, 0x13, 0x6b, 0x41, 0x01, 0x74, 0x22,
    0x0a, 0x6a, 0x2f, 0x01, 0x00, 0x21, 0x02, 0x20, 0x18, 0x20, 0x0a, 0x6a, 0x2d, 0x00, 0x00, 0x21, 0x0d, 0x0b, 0x20, 0x14, 0x20, 0x09, 0x20, 0x11, 0x76, 0x41,
    0x02, 0x74, 0x20, 0x12, 0x41, 0x7f, 0x20, 0x07, 0x20, 0x11, 0x6b, 0x22, 0x0e, 0x74, 0x22, 0x00, 0x6a, 0x41, 0x02, 0x74, 0x6a, 0x6a, 0x21, 0x0a, 0x20, 0x00,
    0x41, 0x02, 0x74, 0x21, 0x10, 0x20, 0x12, 0x21, 0x0b, 0x03, 0x40, 0x20, 0x0a, 0x20, 0x0d, 0x3a, 0x00, 0x00, 0x20, 0x0a, 0x41, 0x02, 0x6a, 0x20, 0x02, 0x3b,
    0x01, 0x00, 0x20, 0x0a, 0x41, 0x01, 0x6a, 0x20, 0x0e, 0x3a, 0x00, 0x00, 0x20, 0x0a, 0x20, 0x10, 0x6a, 0x21, 0x0a, 0x20, 0x0b, 0x20, 0x00, 0x6a, 0x22, 0x0b,
    0x0d, 0x00, 0x0b, 0x41, 0x01, 0x20, 0x07, 0x41, 0x7f, 0x6a, 0x74, 0x21, 0x0b, 0x03, 0x40, 0x20, 0x0b, 0x22, 0x0a, 0x41, 0x01, 0x76, 0x21, 0x0b, 0x20, 0x0a,
    0x20, 0x09, 0x71, 0x0d, 0x00, 0x0b, 0x20, 0x06, 0x41, 0x20, 0x6a, 0x20, 0x07, 0x41, 0x01, 0x74, 0x6a, 0x22, 0x0b, 0x20, 0x0b, 0x2f, 0x01, 0x00, 0x41, 0x7f,
    0x6a, 0x22, 0x0b, 0x3b, 0x01, 0x00, 0x20, 0x0a, 0x41, 0x7f, 0x6a, 0x20, 0x09, 0x71, 0x20, 0x0a, 0x6a, 0x41, 0x00, 0x20, 0x0a, 0x1b, 0x21, 0x09, 0x20, 0x0f,
    0x41, 0x01, 0x6a, 0x21, 0x0f, 0x02, 0x40, 0x20, 0x0b, 0x41, 0xff, 0xff, 0x03, 0x71, 0x0d, 0x00, 0x20, 0x07, 0x20, 0x08, 0x46, 0x0d, 0x02, 0x20, 0x01, 0x20,
    0x05, 0x20, 0x0f, 0x41, 0x01, 0x74, 0x6a, 0x2f, 0x01, 0x00, 0x41, 0x01, 0x74, 0x6a, 0x2f, 0x01, 0x00, 0x21, 0x07, 0x0b, 0x20, 0x07, 0x20, 0x0c, 0x4d, 0x0d,
    0x00, 0x20, 0x09, 0x20, 0x16, 0x71, 0x22, 0x0b, 0x20, 0x15, 0x46, 0x0d, 0x00, 0x0b, 0x41, 0x01, 0x20, 0x07, 0x20, 0x11, 0x20, 0x0c, 0x20, 0x11, 0x1b, 0x22,
    0x11, 0x6b, 0x22, 0x0e, 0x74, 0x21, 0x02, 0x02, 0x40, 0x20, 0x07, 0x20, 0x08, 0x4f, 0x0d, 0x00, 0x20, 0x08, 0x20, 0x11, 0x6b, 0x21, 0x0e, 0x20, 0x06, 0x41,
    0x20, 0x6a, 0x20, 0x07, 0x41, 0x01, 0x74, 0x6a, 0x21, 0x0a, 0x20, 0x07, 0x21, 0x00, 0x02, 0x40, 0x02, 0x40, 0x03, 0x40, 0x20, 0x02, 0x20, 0x0a, 0x2f, 0x01,
    0x00, 0x6b, 0x22, 0x02, 0x41, 0x01, 0x48, 0x0d, 0x01, 0x20, 0x0a, 0x41, 0x02, 0x6a, 0x21, 0x0a, 0x20, 0x02, 0x41, 0x01, 0x74, 0x21, 0x02, 0x20, 0x00, 0x41,
    0x01, 0x6a, 0x22, 0x00, 0x20, 0x08, 0x49, 0x0d, 0x00, 0x0c, 0x02, 0x0b, 0x0b, 0x20, 0x00, 0x20, 0x11, 0x6b, 0x21, 0x0e, 0x0b, 0x41, 0x01, 0x20, 0x0e, 0x74,
    0x21, 0x02, 0x0b, 0x41, 0x01, 0x21, 0x0a, 0x20, 0x1a, 0x20, 0x02, 0x20, 0x19, 0x6a, 0x22, 0x19, 0x41, 0xd4, 0x06, 0x4b, 0x71, 0x0d, 0x03, 0x20, 0x1b, 0x20,
    0x19, 0x41, 0xd0, 0x04, 0x4b, 0x71, 0x0d, 0x03, 0x20, 0x03, 0x28, 0x02, 0x00, 0x22, 0x02, 0x20, 0x0b, 0x41, 0x02, 0x74, 0x6a, 0x22, 0x0a, 0x20, 0x0c, 0x3a,
    0x00, 0x01, 0x20, 0x0a, 0x20, 0x0e, 0x3a, 0x00, 0x00, 0x20, 0x0a, 0x20, 0x14, 0x20, 0x12, 0x41, 0x02, 0x74, 0x6a, 0x22, 0x14, 0x20, 0x02, 0x6b, 0x41, 0x02,
    0x76, 0x3b, 0x01, 0x02, 0x20, 0x0b, 0x21, 0x15, 0x0c, 0x01, 0x0b, 0x0b, 0x02, 0x40, 0x20, 0x09, 0x45, 0x0d, 0x00, 0x20, 0x14, 0x20, 0x09, 0x41, 0x02, 0x74,
    0x6a, 0x22, 0x06, 0x41, 0x00, 0x3b, 0x01, 0x02, 0x20, 0x06, 0x20, 0x0e, 0x3a, 0x00, 0x01, 0x20, 0x06, 0x41, 0xc0, 0x00, 0x3a, 0x00, 0x00, 0x0b, 0x20, 0x03,
    0x20, 0x03, 0x28, 0x02, 0x00, 0x20, 0x19, 0x41, 0x02, 0x74, 0x6a, 0x36, 0x02, 0x00, 0x0b, 0x20, 0x04, 0x20, 0x0c, 0x36, 0x02, 0x00, 0x41, 0x00, 0x21, 0x0a,
    0x0b, 0x20, 0x0a, 0x0b, 0x24, 0x00, 0x20, 0x00, 0x41, 0x90, 0x8e, 0x80, 0x80, 0x00, 0x36, 0x02, 0x50, 0x20, 0x00, 0x42, 0x89, 0x80, 0x80, 0x80, 0xd0, 0x00,
    0x37, 0x02, 0x58, 0x20, 0x00, 0x41, 0x90, 0x9e, 0x80, 0x80, 0x00, 0x36, 0x02, 0x54, 0x0b, 0x8b, 0x15, 0x01, 0x20, 0x7f, 0x20, 0x00, 0x28, 0x02, 0x1c, 0x22,
    0x02, 0x28, 0x02, 0x34, 0x22, 0x03, 0x41, 0x78, 0x71, 0x21, 0x04, 0x20, 0x03, 0x41, 0x07, 0x71, 0x21, 0x05, 0x20, 0x03, 0x20, 0x01, 0x6a, 0x21, 0x06, 0x20,
    0x00, 0x28, 0x02, 0x0c, 0x22, 0x07, 0x20, 0x00, 0x28, 0x02, 0x10, 0x22, 0x08, 0x6a, 0x22, 0x09, 0x41, 0xff, 0x7d, 0x6a, 0x21, 0x0a, 0x20, 0x07, 0x20, 0x08,
    0x20, 0x01, 0x6b, 0x6a, 0x21, 0x0b, 0x20, 0x00, 0x28, 0x02, 0x00, 0x22, 0x0c, 0x20, 0x00, 0x28, 0x02, 0x04, 0x6a, 0x41, 0x7b, 0x6a, 0x21, 0x0d, 0x41, 0x7f,
    0x20, 0x02, 0x28, 0x02, 0x5c, 0x74, 0x41, 0x7f, 0x73, 0x21, 0x0e, 0x41, 0x7f, 0x20, 0x02, 0x28, 0x02, 0x58, 0x74, 0x41, 0x7f, 0x73, 0x21, 0x0f, 0x20, 0x02,
    0x28, 0x02, 0x38, 0x22, 0x10, 0x20, 0x03, 0x20, 0x02, 0x28, 0x02, 0x2c, 0x22, 0x11, 0x6a, 0x22, 0x12, 0x20, 0x01, 0x6a, 0x20, 0x08, 0x6b, 0x20, 0x07, 0x6b,
    0x6a, 0x21, 0x13, 0x20, 0x02, 0x28, 0x02, 0x54, 0x21, 0x14, 0x20, 0x02, 0x28, 0x02, 0x50, 0x21, 0x15, 0x20, 0x02, 0x28, 0x02, 0x40, 0x21, 0x16, 0x20, 0x02,
    0x28, 0x02, 0x3c, 0x21, 0x08, 0x20, 0x02, 0x28, 0x02, 0x30, 0x21, 0x17, 0x03, 0x40, 0x02, 0x40, 0x20, 0x16, 0x41, 0x0e, 0x4b, 0x0d, 0x00, 0x20, 0x0c, 0x2d,
    0x00, 0x00, 0x20, 0x16, 0x74, 0x20, 0x08, 0x6a, 0x20, 0x0c, 0x2d, 0x00, 0x01, 0x20, 0x16, 0x41, 0x08, 0x6a, 0x74, 0x6a, 0x21, 0x08, 0x20, 0x16, 0x41, 0x10,
    0x72, 0x21, 0x16, 0x20, 0x0c, 0x41, 0x02, 0x6a, 0x21, 0x0c, 0x0b, 0x20, 0x16, 0x20, 0x15, 0x20, 0x08, 0x20, 0x0f, 0x71, 0x41, 0x02, 0x74, 0x6a, 0x22, 0x18,
    0x2d, 0x00, 0x01, 0x22, 0x19, 0x6b, 0x21, 0x16, 0x20, 0x08, 0x20, 0x19, 0x76, 0x21, 0x08, 0x02, 0x40, 0x02, 0x40, 0x02, 0x40, 0x02, 0x40, 0x02, 0x40, 0x02,
    0x40, 0x02, 0x40, 0x02, 0x40, 0x03, 0x40, 0x02, 0x40, 0x20, 0x18, 0x2d, 0x00, 0x00, 0x22, 0x19, 0x0d, 0x00, 0x20, 0x07, 0x20, 0x18, 0x2d, 0x00, 0x02, 0x3a,
    0x00, 0x00, 0x20, 0x07, 0x41, 0x01, 0x6a, 0x21, 0x07, 0x0c, 0x08, 0x0b, 0x20, 0x19, 0x41, 0xff, 0x01, 0x71, 0x21, 0x1a, 0x02, 0x40, 0x20, 0x19, 0x41, 0x10,
    0x71, 0x45, 0x0d, 0x00, 0x20, 0x18, 0x2f, 0x01, 0x02, 0x21, 0x1b, 0x02, 0x40, 0x02, 0x40, 0x20, 0x1a, 0x41, 0x0f, 0x71, 0x22, 0x18, 0x0d, 0x00, 0x20, 0x08,
    0x21, 0x19, 0x20, 0x0c, 0x21, 0x1a, 0x0c, 0x01, 0x0b, 0x02, 0x40, 0x02, 0x40, 0x20, 0x16, 0x20, 0x18, 0x49, 0x0d, 0x00, 0x20, 0x16, 0x21, 0x19, 0x20, 0x0c,
    0x21, 0x1a, 0x0c, 0x01, 0x0b, 0x20, 0x16, 0x41, 0x08, 0x6a, 0x21, 0x19, 0x20, 0x0c, 0x41, 0x01, 0x6a, 0x21, 0x1a, 0x20, 0x0c, 0x2d, 0x00, 0x00, 0x20, 0x16,
    0x74, 0x20, 0x08, 0x6a, 0x21, 0x08, 0x0b, 0x20, 0x19, 0x20, 0x18, 0x6b, 0x21, 0x16, 0x20, 0x08, 0x20, 0x18, 0x76, 0x21, 0x19, 0x20, 0x08, 0x41, 0x7f, 0x20,
    0x18, 0x74, 0x41, 0x7f, 0x73, 0x71, 0x20, 0x1b, 0x6a, 0x21, 0x1b, 0x0b, 0x02, 0x40, 0x20, 0x16, 0x41, 0x0e, 0x4b, 0x0d, 0x00, 0x20, 0x1a, 0x2d, 0x00, 0x00,
    0x20, 0x16, 0x74, 0x20, 0x19, 0x6a, 0x20, 0x1a, 0x2d, 0x00, 0x01, 0x20, 0x16, 0x41, 0x08, 0x6a, 0x74, 0x6a, 0x21, 0x19, 0x20, 0x16, 0x41, 0x10, 0x72, 0x21,
    0x16, 0x20, 0x1a, 0x41, 0x02, 0x6a, 0x21, 0x1a, 0x0b, 0x20, 0x16, 0x20, 0x14, 0x20, 0x19, 0x20, 0x0e, 0x71, 0x41, 0x02, 0x74, 0x6a, 0x22, 0x18, 0x2d, 0x00,
    0x01, 0x22, 0x08, 0x6b, 0x21, 0x16, 0x20, 0x19, 0x20, 0x08, 0x76, 0x21, 0x08, 0x20, 0x18, 0x2d, 0x00, 0x00, 0x22, 0x19, 0x41, 0x10, 0x71, 0x0d, 0x02, 0x02,
    0x40, 0x03, 0x40, 0x20, 0x19, 0x41, 0xc0, 0x00, 0x71, 0x0d, 0x01, 0x20, 0x16, 0x20, 0x14, 0x20, 0x18, 0x2f, 0x01, 0x02, 0x41, 0x02, 0x74, 0x6a, 0x20, 0x08,
    0x41, 0x7f, 0x20, 0x19, 0x74, 0x41, 0x7f, 0x73, 0x71, 0x41, 0x02, 0x74, 0x6a, 0x22, 0x18, 0x2d, 0x00, 0x01, 0x22, 0x19, 0x6b, 0x21, 0x16, 0x20, 0x08, 0x20,
    0x19, 0x76, 0x21, 0x08, 0x20, 0x18, 0x2d, 0x00, 0x00, 0x22, 0x19, 0x41, 0x10, 0x71, 0x0d, 0x04, 0x0c, 0x00, 0x0b, 0x0b, 0x41, 0xab, 0x8b, 0x80, 0x80, 0x00,
    0x21, 0x18, 0x20, 0x1a, 0x21, 0x0c, 0x0c, 0x03, 0x0b, 0x02, 0x40, 0x20, 0x1a, 0x41, 0xc0, 0x00, 0x71, 0x0d, 0x00, 0x20, 0x16, 0x20, 0x15, 0x20, 0x18, 0x2f,
    0x01, 0x02, 0x41, 0x02, 0x74, 0x6a, 0x20, 0x08, 0x41, 0x7f, 0x20, 0x1a, 0x74, 0x41, 0x7f, 0x73, 0x71, 0x41, 0x02, 0x74, 0x6a, 0x22, 0x18, 0x2d, 0x00, 0x01,
    0x22, 0x19, 0x6b, 0x21, 0x16, 0x20, 0x08, 0x20, 0x19, 0x76, 0x21, 0x08, 0x0c, 0x01, 0x0b, 0x0b, 0x41, 0xbf, 0xfe, 0x00, 0x21, 0x18, 0x20, 0x1a, 0x41, 0x20,
    0x71, 0x0d, 0x02, 0x41, 0x8f, 0x8b, 0x80, 0x80, 0x00, 0x21, 0x18, 0x0c, 0x01, 0x0b, 0x20, 0x18, 0x2f, 0x01, 0x02, 0x21, 0x1c, 0x02, 0x40, 0x02, 0x40, 0x20,
    0x16, 0x20, 0x19, 0x41, 0x0f, 0x71, 0x22, 0x18, 0x49, 0x0d, 0x00, 0x20, 0x16, 0x21, 0x19, 0x20, 0x1a, 0x21, 0x0c, 0x0c, 0x01, 0x0b, 0x20, 0x1a, 0x2d, 0x00,
    0x00, 0x20, 0x16, 0x74, 0x20, 0x08, 0x6a, 0x21, 0x08, 0x02, 0x40, 0x20, 0x16, 0x41, 0x08, 0x6a, 0x22, 0x19, 0x20, 0x18, 0x49, 0x0d, 0x00, 0x20, 0x1a, 0x41,
    0x01, 0x6a, 0x21, 0x0c, 0x0c, 0x01, 0x0b, 0x20, 0x1a, 0x41, 0x02, 0x6a, 0x21, 0x0c, 0x20, 0x1a, 0x2d, 0x00, 0x01, 0x20, 0x19, 0x74, 0x20, 0x08, 0x6a, 0x21,
    0x08, 0x20, 0x16, 0x41, 0x10, 0x6a, 0x21, 0x19, 0x0b, 0x20, 0x08, 0x41, 0x7f, 0x20, 0x18, 0x74, 0x41, 0x7f, 0x73, 0x71, 0x21, 0x1d, 0x20, 0x19, 0x20, 0x18,
    0x6b, 0x21, 0x16, 0x20, 0x08, 0x20, 0x18, 0x76, 0x21, 0x08, 0x20, 0x1d, 0x20, 0x1c, 0x6a, 0x22, 0x1e, 0x20, 0x07, 0x20, 0x0b, 0x6b, 0x22, 0x18, 0x4d, 0x0d,
    0x03, 0x20, 0x1e, 0x20, 0x18, 0x6b, 0x22, 0x1f, 0x20, 0x17, 0x4d, 0x0d, 0x02, 0x20, 0x02, 0x28, 0x02, 0xc4, 0x37, 0x45, 0x0d, 0x02, 0x41, 0xb6, 0x8a, 0x80,
    0x80, 0x00, 0x21, 0x18, 0x0b, 0x20, 0x00, 0x20, 0x18, 0x36, 0x02, 0x18, 0x41, 0xd1, 0xfe, 0x00, 0x21, 0x18, 0x0b, 0x20, 0x02, 0x20, 0x18, 0x36, 0x02, 0x04,
    0x0c, 0x04, 0x0b, 0x02, 0x40, 0x02, 0x40, 0x02, 0x40, 0x20, 0x03, 0x0d, 0x00, 0x20, 0x10, 0x20, 0x11, 0x20, 0x1f, 0x6b, 0x6a, 0x21, 0x19, 0x02, 0x40, 0x20,
    0x1b, 0x20, 0x1f, 0x4b, 0x0d, 0x00, 0x20, 0x07, 0x21, 0x18, 0x0c, 0x03, 0x0b, 0x02, 0x40, 0x02, 0x40, 0x20, 0x1f, 0x41, 0x07, 0x71, 0x22, 0x1a, 0x0d, 0x00,
    0x20, 0x07, 0x21, 0x18, 0x20, 0x1f, 0x21, 0x1a, 0x0c, 0x01, 0x0b, 0x41, 0x00, 0x21, 0x18, 0x03, 0x40, 0x20, 0x07, 0x20, 0x18, 0x6a, 0x20, 0x19, 0x20, 0x18,
    0x6a, 0x2d, 0x00, 0x00, 0x3a, 0x00, 0x00, 0x20, 0x1a, 0x20, 0x18, 0x41, 0x01, 0x6a, 0x22, 0x18, 0x47, 0x0d, 0x00, 0x0b, 0x20, 0x19, 0x20, 0x18, 0x6a, 0x21,
    0x19, 0x20, 0x1f, 0x20, 0x18, 0x6b, 0x21, 0x1a, 0x20, 0x07, 0x20, 0x18, 0x6a, 0x21, 0x18, 0x0b, 0x20, 0x01, 0x20, 0x09, 0x20, 0x1d, 0x6a, 0x20, 0x1c, 0x6a,
    0x6b, 0x20, 0x07, 0x6a, 0x41, 0x78, 0x4b, 0x0d, 0x01, 0x03, 0x40, 0x20, 0x18, 0x20, 0x19, 0x2d, 0x00, 0x00, 0x3a, 0x00, 0x00, 0x20, 0x18, 0x41, 0x01, 0x6a,
    0x20, 0x19, 0x41, 0x01, 0x6a, 0x2d, 0x00, 0x00, 0x3a, 0x00, 0x00, 0x20, 0x18, 0x41, 0x02, 0x6a, 0x20, 0x19, 0x41, 0x02, 0x6a, 0x2d, 0x00, 0x00, 0x3a, 0x00,
    0x00, 0x20, 0x18, 0x41, 0x03, 0x6a, 0x20, 0x19, 0x41, 0x03, 0x6a, 0x2d, 0x00, 0x00, 0x3a, 0x00, 0x00, 0x20, 0x18, 0x41, 0x04, 0x6a, 0x20, 0x19, 0x41, 0x04,
    0x6a, 0x2d, 0x00, 0x00, 0x3a, 0x00, 0x00, 0x20, 0x18, 0x41, 0x05, 0x6a, 0x20, 0x19, 0x41, 0x05, 0x6a, 0x2d, 0x00, 0x00, 0x3a, 0x00, 0x00, 0x20, 0x18, 0x41,
    0x06, 0x6a, 0x20, 0x19, 0x41, 0x06, 0x6a, 0x2d, 0x00, 0x00, 0x3a, 0x00, 0x00, 0x20, 0x18, 0x41, 0x07, 0x6a, 0x20, 0x19, 0x41, 0x07, 0x6a, 0x2d, 0x00, 0x00,
    0x3a, 0x00, 0x00, 0x20, 0x18, 0x41, 0x08, 0x6a, 0x21, 0x18, 0x20, 0x19, 0x41, 0x08, 0x6a, 0x21, 0x19, 0x20, 0x1a, 0x41, 0x78, 0x6a, 0x22, 0x1a, 0x0d, 0x00,
    0x0c, 0x02, 0x0b, 0x0b, 0x02, 0x40, 0x20, 0x03, 0x20, 0x1f, 0x4f, 0x0d, 0x00, 0x20, 0x10, 0x20, 0x12, 0x20, 0x1f, 0x6b, 0x6a, 0x21, 0x19, 0x02, 0x40, 0x20,
    0x1b, 0x20, 0x1f, 0x20, 0x03, 0x6b, 0x22, 0x20, 0x4b, 0x0d, 0x00, 0x20, 0x07, 0x21, 0x18, 0x0c, 0x03, 0x0b, 0x20, 0x07, 0x21, 0x18, 0x20, 0x20, 0x21, 0x1a,
    0x02, 0x40, 0x20, 0x20, 0x41, 0x07, 0x71, 0x22, 0x21, 0x45, 0x0d, 0x00, 0x20, 0x13, 0x20, 0x07, 0x20, 0x1d, 0x6b, 0x20, 0x1c, 0x6b, 0x6a, 0x21, 0x1f, 0x41,
    0x00, 0x21, 0x19, 0x03, 0x40, 0x20, 0x07, 0x20, 0x19, 0x6a, 0x20, 0x1f, 0x20, 0x19, 0x6a, 0x2d, 0x00, 0x00, 0x3a, 0x00, 0x00, 0x20, 0x21, 0x20, 0x19, 0x41,
    0x01, 0x6a, 0x22, 0x19, 0x47, 0x0d, 0x00, 0x0b, 0x20, 0x20, 0x20, 0x19, 0x6b, 0x21, 0x1a, 0x20, 0x07, 0x20, 0x19, 0x6a, 0x21, 0x18, 0x20, 0x1f, 0x20, 0x19,
    0x6a, 0x21, 0x19, 0x0b, 0x02, 0x40, 0x20, 0x06, 0x20, 0x09, 0x20, 0x1d, 0x6a, 0x20, 0x1c, 0x6a, 0x6b, 0x20, 0x07, 0x6a, 0x41, 0x78, 0x4b, 0x0d, 0x00, 0x03,
    0x40, 0x20, 0x18, 0x20, 0x19, 0x2d, 0x00, 0x00, 0x3a, 0x00, 0x00, 0x20, 0x18, 0x41, 0x01, 0x6a, 0x20, 0x19, 0x41, 0x01, 0x6a, 0x2d, 0x00, 0x00, 0x3a, 0x00,
    0x00, 0x20, 0x18, 0x41, 0x02, 0x6a, 0x20, 0x19, 0x41, 0x02, 0x6a, 0x2d, 0x00, 0x00, 0x3a, 0x00, 0x00, 0x20, 0x18, 0x41, 0x03, 0x6a, 0x20, 0x19, 0x41, 0x03,
    0x6a, 0x2d, 0x00, 0x00, 0x3a, 0x00, 0x00, 0x20, 0x18, 0x41, 0x04, 0x6a, 0x20, 0x19, 0x41, 0x04, 0x6a, 0x2d, 0x00, 0x00, 0x3a, 0x00, 0x00, 0x20, 0x18, 0x41,
    0x05, 0x6a, 0x20, 0x19, 0x41, 0x05, 0x6a, 0x2d, 0x00, 0x00, 0x3a, 0x00, 0x00, 0x20, 0x18, 0x41, 0x06, 0x6a, 0x20, 0x19, 0x41, 0x06, 0x6a, 0x2d, 0x00, 0x00,
    0x3a, 0x00, 0x00, 0x20, 0x18, 0x41, 0x07, 0x6a, 0x20, 0x19, 0x41, 0x07, 0x6a, 0x2d, 0x00, 0x00, 0x3a, 0x00, 0x00, 0x20, 0x18, 0x41, 0x08, 0x6a, 0x21, 0x18,
    0x20, 0x19, 0x41, 0x08, 0x6a, 0x21, 0x19, 0x20, 0x1a, 0x41, 0x78, 0x6a, 0x22, 0x1a, 0x0d, 0x00, 0x0b, 0x0b, 0x02, 0x40, 0x20, 0x1b, 0x20, 0x20, 0x6b, 0x22,
    0x1b, 0x20, 0x03, 0x4b, 0x0d, 0x00, 0x20, 0x10, 0x21, 0x19, 0x0c, 0x03, 0x0b, 0x02, 0x40, 0x02, 0x40, 0x20, 0x05, 0x0d, 0x00, 0x20, 0x03, 0x21, 0x1a, 0x20,
    0x10, 0x21, 0x19, 0x0c, 0x01, 0x0b, 0x20, 0x05, 0x21, 0x1a, 0x20, 0x10, 0x21, 0x19, 0x03, 0x40, 0x20, 0x18, 0x20, 0x19, 0x2d, 0x00, 0x00, 0x3a, 0x00, 0x00,
    0x20, 0x18, 0x41, 0x01, 0x6a, 0x21, 0x18, 0x20, 0x19, 0x41, 0x01, 0x6a, 0x21, 0x19, 0x20, 0x1a, 0x41, 0x7f, 0x6a, 0x22, 0x1a, 0x0d, 0x00, 0x0b, 0x20, 0x04,
    0x21, 0x1a, 0x0b, 0x02, 0x40, 0x20, 0x03, 0x41, 0x08, 0x49, 0x0d, 0x00, 0x03, 0x40, 0x20, 0x18, 0x20, 0x19, 0x2d, 0x00, 0x00, 0x3a, 0x00, 0x00, 0x20, 0x18,
    0x41, 0x01, 0x6a, 0x20, 0x19, 0x41, 0x01, 0x6a, 0x2d, 0x00, 0x00, 0x3a, 0x00, 0x00, 0x20, 0x18, 0x41, 0x02, 0x6a, 0x20, 0x19, 0x41, 0x02, 0x6a, 0x2d, 0x00,
    0x00, 0x3a, 0x00, 0x00, 0x20, 0x18, 0x41, 0x03, 0x6a, 0x20, 0x19, 0x41, 0x03, 0x6a, 0x2d, 0x00, 0x00, 0x3a, 0x00, 0x00, 0x20, 0x18, 0x41, 0x04, 0x6a, 0x20,
    0x19, 0x41, 0x04, 0x6a, 0x2d, 0x00, 0x00, 0x3a, 0x00, 0x00, 0x20, 0x18, 0x41, 0x05, 0x6a, 0x20, 0x19, 0x41, 0x05, 0x6a, 0x2d, 0x00, 0x00, 0x3a, 0x00, 0x00,
    0x20, 0x18, 0x41, 0x06, 0x6a, 0x20, 0x19, 0x41, 0x06, 0x6a, 0x2d, 0x00, 0x00, 0x3a, 0x00, 0x00, 0x20, 0x18, 0x41, 0x07, 0x6a, 0x20, 0x19, 0x41, 0x07, 0x6a,
    0x2d, 0x00, 0x00, 0x3a, 0x00, 0x00, 0x20, 0x18, 0x41, 0x08, 0x6a, 0x21, 0x18, 0x20, 0x19, 0x41, 0x08, 0x6a, 0x21, 0x19, 0x20, 0x1a, 0x41, 0x78, 0x6a, 0x22,
    0x1a, 0x0d, 0x00, 0x0b, 0x0b, 0x20, 0x18, 0x20, 0x1e, 0x6b, 0x21, 0x19, 0x20, 0x1b, 0x20, 0x03, 0x6b, 0x21, 0x1b, 0x0c, 0x02, 0x0b, 0x20, 0x10, 0x20, 0x03,
    0x20, 0x1f, 0x6b, 0x6a, 0x21, 0x19, 0x02, 0x40, 0x20, 0x1b, 0x20, 0x1f, 0x4b, 0x0d, 0x00, 0x20, 0x07, 0x21, 0x18, 0x0c, 0x02, 0x0b, 0x02, 0x40, 0x02, 0x40,
    0x20, 0x1f, 0x41, 0x07, 0x71, 0x22, 0x1a, 0x0d, 0x00, 0x20, 0x07, 0x21, 0x18, 0x20, 0x1f, 0x21, 0x1a, 0x0c, 0x01, 0x0b, 0x41, 0x00, 0x21, 0x18, 0x03, 0x40,
    0x20, 0x07, 0x20, 0x18, 0x6a, 0x20, 0x19, 0x20, 0x18, 0x6a, 0x2d, 0x00, 0x00, 0x3a, 0x00, 0x00, 0x20, 0x1a, 0x20, 0x18, 0x41, 0x01, 0x6a, 0x22, 0x18, 0x47,
    0x0d, 0x00, 0x0b, 0x20, 0x19, 0x20, 0x18, 0x6a, 0x21, 0x19, 0x20, 0x1f, 0x20, 0x18, 0x6b, 0x21, 0x1a, 0x20, 0x07, 0x20, 0x18, 0x6a, 0x21, 0x18, 0x0b, 0x20,
    0x01, 0x20, 0x09, 0x20, 0x1d, 0x6a, 0x20, 0x1c, 0x6a, 0x6b, 0x20, 0x07, 0x6a, 0x41, 0x78, 0x4b, 0x0d, 0x00, 0x03, 0x40, 0x20, 0x18, 0x20, 0x19, 0x2d, 0x00,
    0x00, 0x3a, 0x00, 0x00, 0x20, 0x18, 0x41, 0x01, 0x6a, 0x20, 0x19, 0x41, 0x01, 0x6a, 0x2d, 0x00, 0x00, 0x3a, 0x00, 0x00, 0x20, 0x18, 0x41, 0x02, 0x6a, 0x20,
    0x19, 0x41, 0x02, 0x6a, 0x2d, 0x00, 0x00, 0x3a, 0x00, 0x00, 0x20, 0x18, 0x41, 0x03, 0x6a, 0x20, 0x19, 0x41, 0x03, 0x6a, 0x2d, 0x00, 0x00, 0x3a, 0x00, 0x00,
    0x20, 0x18, 0x41, 0x04, 0x6a, 0x20, 0x19, 0x41, 0x04, 0x6a, 0x2d, 0x00, 0x00, 0x3a, 0x00, 0x00, 0x20, 0x18, 0x41, 0x05, 0x6a, 0x20, 0x19, 0x41, 0x05, 0x6a,
    0x2d, 0x00, 0x00, 0x3a, 0x00, 0x00, 0x20, 0x18, 0x41, 0x06, 0x6a, 0x20, 0x19, 0x41, 0x06, 0x6a, 0x2d, 0x00, 0x00, 0x3a, 0x00, 0x00, 0x20, 0x18, 0x41, 0x07,
    0x6a, 0x20, 0x19, 0x41, 0x07, 0x6a, 0x2d, 0x00, 0x00, 0x3a, 0x00, 0x00, 0x20, 0x18, 0x41, 0x08, 0x6a, 0x21, 0x18, 0x20, 0x19, 0x41, 0x08, 0x6a, 0x21, 0x19,
    0x20, 0x1a, 0x41, 0x78, 0x6a, 0x22, 0x1a, 0x0d, 0x00, 0x0b, 0x0b, 0x20, 0x18, 0x20, 0x1e, 0x6b, 0x21, 0x19, 0x20, 0x1b, 0x20, 0x1f, 0x6b, 0x21, 0x1b, 0x0b,
    0x02, 0x40, 0x20, 0x1b, 0x41, 0x03, 0x49, 0x0d, 0x00, 0x02, 0x40, 0x20, 0x1b, 0x41, 0x7d, 0x6a, 0x22, 0x07, 0x41, 0x03, 0x6e, 0x22, 0x1a, 0x41, 0x03, 0x71,
    0x41, 0x03, 0x46, 0x0d, 0x00, 0x20, 0x1b, 0x20, 0x1a, 0x41, 0x01, 0x6a, 0x41, 0x03, 0x71, 0x22, 0x1a, 0x41, 0x03, 0x6c, 0x6b, 0x21, 0x1b, 0x03, 0x40, 0x20,
    0x18, 0x20, 0x19, 0x2d, 0x00, 0x00, 0x3a, 0x00, 0x00, 0x20, 0x18, 0x41, 0x01, 0x6a, 0x20, 0x19, 0x41, 0x01, 0x6a, 0x2d, 0x00, 0x00, 0x3a, 0x00, 0x00, 0x20,
    0x18, 0x41, 0x02, 0x6a, 0x20, 0x19, 0x41, 0x02, 0x6a, 0x2d, 0x00, 0x00, 0x3a, 0x00, 0x00, 0x20, 0x18, 0x41, 0x03, 0x6a, 0x21, 0x18, 0x20, 0x19, 0x41, 0x03,
    0x6a, 0x21, 0x19, 0x20, 0x1a, 0x41, 0x7f, 0x6a, 0x22, 0x1a, 0x0d, 0x00, 0x0b, 0x0b, 0x20, 0x07, 0x41, 0x09, 0x49, 0x0d, 0x00, 0x03, 0x40, 0x20, 0x18, 0x20,
    0x19, 0x2d, 0x00, 0x00, 0x3a, 0x00, 0x00, 0x20, 0x18, 0x41, 0x01, 0x6a, 0x20, 0x19, 0x41, 0x01, 0x6a, 0x2d, 0x00, 0x00, 0x3a, 0x00, 0x00, 0x20, 0x18, 0x41,
    0x02, 0x6a, 0x20, 0x19, 0x41, 0x02, 0x6a, 0x2d, 0x00, 0x00, 0x3a, 0x00, 0x00, 0x20, 0x18, 0x41, 0x03, 0x6a, 0x20, 0x19, 0x41, 0x03, 0x6a, 0x2d, 0x00, 0x00,
    0x3a, 0x00, 0x00, 0x20, 0x18, 0x41, 0x04, 0x6a, 0x20, 0x19, 0x41, 0x04, 0x6a, 0x2d, 0x00, 0x00, 0x3a, 0x00, 0x00, 0x20, 0x18, 0x41, 0x05, 0x6a, 0x20, 0x19,
    0x41, 0x05, 0x6a, 0x2d, 0x00, 0x00, 0x3a, 0x00, 0x00, 0x20, 0x18, 0x41, 0x06, 0x6a, 0x20, 0x19, 0x41, 0x06, 0x6a, 0x2d, 0x00, 0x00, 0x3a, 0x00, 0x00, 0x20,
    0x18, 0x41, 0x07, 0x6a, 0x20, 0x19, 0x41, 0x07, 0x6a, 0x2d, 0x00, 0x00, 0x3a, 0x00, 0x00, 0x20, 0x18, 0x41, 0x08, 0x6a, 0x20, 0x19, 0x41, 0x08, 0x6a, 0x2d,
    0x00, 0x00, 0x3a, 0x00, 0x00, 0x20, 0x18, 0x41, 0x09, 0x6a, 0x20, 0x19, 0x41, 0x09, 0x6a, 0x2d, 0x00, 0x00, 0x3a, 0x00, 0x00, 0x20, 0x18, 0x41, 0x0a, 0x6a,
    0x20, 0x19, 0x41, 0x0a, 0x6a, 0x2d, 0x00, 0x00, 0x3a, 0x00, 0x00, 0x20, 0x18, 0x41, 0x0b, 0x6a, 0x20, 0x19, 0x41, 0x0b, 0x6a, 0x2d, 0x00, 0x00, 0x3a, 0x00,
    0x00, 0x20, 0x18, 0x41, 0x0c, 0x6a, 0x21, 0x18, 0x20, 0x19, 0x41, 0x0c, 0x6a, 0x21, 0x19, 0x20, 0x1b, 0x41, 0x74, 0x6a, 0x22, 0x1b, 0x41, 0x02, 0x4b, 0x0d,
    0x00, 0x0b, 0x0b, 0x02, 0x40, 0x20, 0x1b, 0x0d, 0x00, 0x20, 0x18, 0x21, 0x07, 0x0c, 0x03, 0x0b, 0x20, 0x18, 0x20, 0x19, 0x2d, 0x00, 0x00, 0x3a, 0x00, 0x00,
    0x20, 0x1b, 0x41, 0x02, 0x46, 0x0d, 0x01, 0x20, 0x18, 0x41, 0x01, 0x6a, 0x21, 0x07, 0x0c, 0x02, 0x0b, 0x20, 0x07, 0x20, 0x1e, 0x6b, 0x21, 0x1c, 0x41, 0x00,
    0x21, 0x1f, 0x41, 0x00, 0x21, 0x18, 0x03, 0x40, 0x20, 0x07, 0x20, 0x18, 0x6a, 0x22, 0x19, 0x20, 0x1c, 0x20, 0x18, 0x6a, 0x22, 0x1a, 0x2d, 0x00, 0x00, 0x3a,
    0x00, 0x00, 0x20, 0x19, 0x41, 0x01, 0x6a, 0x20, 0x1a, 0x41, 0x01, 0x6a, 0x2d, 0x00, 0x00, 0x3a, 0x00, 0x00, 0x20, 0x19, 0x41, 0x02, 0x6a, 0x20, 0x1a, 0x41,
    0x02, 0x6a, 0x2d, 0x00, 0x00, 0x3a, 0x00, 0x00, 0x20, 0x18, 0x41, 0x03, 0x6a, 0x21, 0x18, 0x20, 0x1b, 0x20, 0x1f, 0x41, 0x7d, 0x6a, 0x22, 0x1f, 0x6a, 0x41,
    0x02, 0x4b, 0x0d, 0x00, 0x0b, 0x20, 0x07, 0x20, 0x18, 0x6a, 0x21, 0x07, 0x20, 0x1b, 0x20, 0x18, 0x46, 0x0d, 0x01, 0x20, 0x07, 0x20, 0x1c, 0x20, 0x18, 0x6a,
    0x22, 0x19, 0x2d, 0x00, 0x00, 0x3a, 0x00, 0x00, 0x02, 0x40, 0x20, 0x1b, 0x41, 0x7e, 0x6a, 0x20, 0x18, 0x46, 0x0d, 0x00, 0x20, 0x07, 0x41, 0x01, 0x6a, 0x21,
    0x07, 0x0c, 0x02, 0x0b, 0x20, 0x07, 0x41, 0x01, 0x6a, 0x20, 0x19, 0x41, 0x01, 0x6a, 0x2d, 0x00, 0x00, 0x3a, 0x00, 0x00, 0x20, 0x07, 0x41, 0x02, 0x6a, 0x21,
    0x07, 0x0c, 0x01, 0x0b, 0x20, 0x18, 0x20, 0x19, 0x2d, 0x00, 0x01, 0x3a, 0x00, 0x01, 0x20, 0x18, 0x41, 0x02, 0x6a, 0x21, 0x07, 0x0b, 0x20, 0x0c, 0x20, 0x0d,
    0x4f, 0x0d, 0x00, 0x20, 0x07, 0x20, 0x0a, 0x49, 0x0d, 0x01, 0x0b, 0x0b, 0x20, 0x00, 0x20, 0x07, 0x36, 0x02, 0x0c, 0x20, 0x02, 0x20, 0x16, 0x41, 0x07, 0x71,
    0x22, 0x18, 0x36, 0x02, 0x40, 0x20, 0x00, 0x20, 0x0c, 0x20, 0x16, 0x41, 0x03, 0x76, 0x6b, 0x22, 0x16, 0x36, 0x02, 0x00, 0x20, 0x00, 0x20, 0x0a, 0x20, 0x07,
    0x6b, 0x41, 0x81, 0x02, 0x6a, 0x36, 0x02, 0x10, 0x20, 0x00, 0x20, 0x0d, 0x20, 0x16, 0x6b, 0x41, 0x05, 0x6a, 0x36, 0x02, 0x04, 0x20, 0x02, 0x20, 0x08, 0x41,
    0x7f, 0x20, 0x18, 0x74, 0x41, 0x7f, 0x73, 0x71, 0x36, 0x02, 0x3c, 0x0b, 0xa6, 0x08, 0x01, 0x04, 0x7f, 0x20, 0x00, 0x41, 0xff, 0xff, 0x03, 0x71, 0x21, 0x03,
    0x20, 0x00, 0x41, 0x10, 0x76, 0x21, 0x04, 0x41, 0x01, 0x21, 0x00, 0x02, 0x40, 0x20, 0x02, 0x41, 0x01, 0x47, 0x0d, 0x00, 0x20, 0x03, 0x20, 0x01, 0x2d, 0x00,
    0x00, 0x6a, 0x22, 0x00, 0x41, 0x8f, 0x80, 0x7c, 0x6a, 0x20, 0x00, 0x20, 0x00, 0x41, 0xf0, 0xff, 0x03, 0x4b, 0x1b, 0x22, 0x00, 0x20, 0x04, 0x6a, 0x22, 0x05,
    0x41, 0x10, 0x74, 0x22, 0x03, 0x41, 0x80, 0x80, 0x3c, 0x6a, 0x20, 0x03, 0x20, 0x05, 0x41, 0xf0, 0xff, 0x03, 0x4b, 0x1b, 0x20, 0x00, 0x72, 0x0f, 0x0b, 0x02,
    0x40, 0x20, 0x01, 0x45, 0x0d, 0x00, 0x02, 0x40, 0x02, 0x40, 0x02, 0x40, 0x02, 0x40, 0x02, 0x40, 0x20, 0x02, 0x41, 0x10, 0x49, 0x0d, 0x00, 0x02, 0x40, 0x02,
    0x40, 0x20, 0x02, 0x41, 0xb0, 0x2b, 0x49, 0x0d, 0x00, 0x03, 0x40, 0x41, 0x00, 0x21, 0x05, 0x03, 0x40, 0x20, 0x03, 0x20, 0x01, 0x20, 0x05, 0x6a, 0x22, 0x00,
    0x2d, 0x00, 0x00, 0x6a, 0x22, 0x03, 0x20, 0x04, 0x6a, 0x20, 0x03, 0x20, 0x00, 0x41, 0x01, 0x6a, 0x2d, 0x00, 0x00, 0x6a, 0x22, 0x03, 0x6a, 0x20, 0x03, 0x20,
    0x00, 0x41, 0x02, 0x6a, 0x2d, 0x00, 0x00, 0x6a, 0x22, 0x03, 0x6a, 0x20, 0x03, 0x20, 0x00, 0x41, 0x03, 0x6a, 0x2d, 0x00, 0x00, 0x6a, 0x22, 0x03, 0x6a, 0x20,
    0x03, 0x20, 0x00, 0x41, 0x04, 0x6a, 0x2d, 0x00, 0x00, 0x6a, 0x22, 0x03, 0x6a, 0x20, 0x03, 0x20, 0x00, 0x41, 0x05, 0x6a, 0x2d, 0x00, 0x00, 0x6a, 0x22, 0x03,
    0x6a, 0x20, 0x03, 0x20, 0x00, 0x41, 0x06, 0x6a, 0x2d, 0x00, 0x00, 0x6a, 0x22, 0x03, 0x6a, 0x20, 0x03, 0x20, 0x00, 0x41, 0x07, 0x6a, 0x2d, 0x00, 0x00, 0x6a,
    0x22, 0x03, 0x6a, 0x20, 0x03, 0x20, 0x00, 0x41, 0x08, 0x6a, 0x2d, 0x00, 0x00, 0x6a, 0x22, 0x03, 0x6a, 0x20, 0x03, 0x20, 0x00, 0x41, 0x09, 0x6a, 0x2d, 0x00,
    0x00, 0x6a, 0x22, 0x03, 0x6a, 0x20, 0x03, 0x20, 0x00, 0x41, 0x0a, 0x6a, 0x2d, 0x00, 0x00, 0x6a, 0x22, 0x03, 0x6a, 0x20, 0x03, 0x20, 0x00, 0x41, 0x0b, 0x6a,
    0x2d, 0x00, 0x00, 0x6a, 0x22, 0x03, 0x6a, 0x20, 0x03, 0x20, 0x00, 0x41, 0x0c, 0x6a, 0x2d, 0x00, 0x00, 0x6a, 0x22, 0x03, 0x6a, 0x20, 0x03, 0x20, 0x00, 0x41,
    0x0d, 0x6a, 0x2d, 0x00, 0x00, 0x6a, 0x22, 0x03, 0x6a, 0x20, 0x03, 0x20, 0x00, 0x41, 0x0e, 0x6a, 0x2d, 0x00, 0x00, 0x6a, 0x22, 0x03, 0x6a, 0x20, 0x03, 0x20,
    0x00, 0x41, 0x0f, 0x6a, 0x2d, 0x00, 0x00, 0x6a, 0x22, 0x03, 0x6a, 0x21, 0x04, 0x20, 0x05, 0x41, 0x10, 0x6a, 0x22, 0x05, 0x41, 0xb0, 0x2b, 0x47, 0x0d, 0x00,
    0x0b, 0x20, 0x04, 0x41, 0xf1, 0xff, 0x03, 0x70, 0x21, 0x04, 0x20, 0x03, 0x41, 0xf1, 0xff, 0x03, 0x70, 0x21, 0x03, 0x20, 0x01, 0x41, 0xb0, 0x2b, 0x6a, 0x21,
    0x01, 0x20, 0x02, 0x41, 0xd0, 0x54, 0x6a, 0x22, 0x02, 0x41, 0xaf, 0x2b, 0x4b, 0x0d, 0x00, 0x0b, 0x20, 0x02, 0x45, 0x0d, 0x06, 0x20, 0x02, 0x41, 0x10, 0x49,
    0x0d, 0x01, 0x0b, 0x03, 0x40, 0x20, 0x03, 0x20, 0x01, 0x2d, 0x00, 0x00, 0x6a, 0x22, 0x00, 0x20, 0x04, 0x6a, 0x20, 0x00, 0x20, 0x01, 0x41, 0x01, 0x6a, 0x2d,
    0x00, 0x00, 0x6a, 0x22, 0x00, 0x6a, 0x20, 0x00, 0x20, 0x01, 0x41, 0x02, 0x6a, 0x2d, 0x00, 0x00, 0x6a, 0x22, 0x00, 0x6a, 0x20, 0x00, 0x20, 0x01, 0x41, 0x03,
    0x6a, 0x2d, 0x00, 0x00, 0x6a, 0x22, 0x00, 0x6a, 0x20, 0x00, 0x20, 0x01, 0x41, 0x04, 0x6a, 0x2d, 0x00, 0x00, 0x6a, 0x22, 0x00, 0x6a, 0x20, 0x00, 0x20, 0x01,
    0x41, 0x05, 0x6a, 0x2d, 0x00, 0x00, 0x6a, 0x22, 0x00, 0x6a, 0x20, 0x00, 0x20, 0x01, 0x41, 0x06, 0x6a, 0x2d, 0x00, 0x00, 0x6a, 0x22, 0x00, 0x6a, 0x20, 0x00,
    0x20, 0x01, 0x41, 0x07, 0x6a, 0x2d, 0x00, 0x00, 0x6a, 0x22, 0x00, 0x6a, 0x20, 0x00, 0x20, 0x01, 0x41, 0x08, 0x6a, 0x2d, 0x00, 0x00, 0x6a, 0x22, 0x00, 0x6a,
    0x20, 0x00, 0x20, 0x01, 0x41, 0x09, 0x6a, 0x2d, 0x00, 0x00, 0x6a, 0x22, 0x00, 0x6a, 0x20, 0x00, 0x20, 0x01, 0x41, 0x0a, 0x6a, 0x2d, 0x00, 0x00, 0x6a, 0x22,
    0x00, 0x6a, 0x20, 0x00, 0x20, 0x01, 0x41, 0x0b, 0x6a, 0x2d, 0x00, 0x00, 0x6a, 0x22, 0x00, 0x6a, 0x20, 0x00, 0x20, 0x01, 0x41, 0x0c, 0x6a, 0x2d, 0x00, 0x00,
    0x6a, 0x22, 0x00, 0x6a, 0x20, 0x00, 0x20, 0x01, 0x41, 0x0d, 0x6a, 0x2d, 0x00, 0x00, 0x6a, 0x22, 0x00, 0x6a, 0x20, 0x00, 0x20, 0x01, 0x41, 0x0e, 0x6a, 0x2d,
    0x00, 0x00, 0x6a, 0x22, 0x00, 0x6a, 0x20, 0x00, 0x20, 0x01, 0x41, 0x0f, 0x6a, 0x2d, 0x00, 0x00, 0x6a, 0x22, 0x03, 0x6a, 0x21, 0x04, 0x20, 0x01, 0x41, 0x10,
    0x6a, 0x21, 0x01, 0x20, 0x02, 0x41, 0x70, 0x6a, 0x22, 0x02, 0x41, 0x0f, 0x4b, 0x0d, 0x00, 0x0b, 0x20, 0x02, 0x45, 0x0d, 0x04, 0x0b, 0x20, 0x02, 0x41, 0x03,
    0x71, 0x22, 0x06, 0x0d, 0x01, 0x20, 0x02, 0x21, 0x00, 0x0c, 0x02, 0x0b, 0x02, 0x40, 0x20, 0x02, 0x45, 0x0d, 0x00, 0x02, 0x40, 0x02, 0x40, 0x20, 0x02, 0x41,
    0x03, 0x71, 0x22, 0x06, 0x0d, 0x00, 0x20, 0x02, 0x21, 0x00, 0x0c, 0x01, 0x0b, 0x20, 0x02, 0x21, 0x00, 0x20, 0x01, 0x21, 0x05, 0x03, 0x40, 0x20, 0x00, 0x41,
    0x7f, 0x6a, 0x21, 0x00, 0x20, 0x03, 0x20, 0x05, 0x2d, 0x00, 0x00, 0x6a, 0x22, 0x03, 0x20, 0x04, 0x6a, 0x21, 0x04, 0x20, 0x05, 0x41, 0x01, 0x6a, 0x22, 0x01,
    0x21, 0x05, 0x20, 0x06, 0x41, 0x7f, 0x6a, 0x22, 0x06, 0x0d, 0x00, 0x0b, 0x0b, 0x20, 0x02, 0x41, 0x04, 0x49, 0x0d, 0x00, 0x03, 0x40, 0x20, 0x03, 0x20, 0x01,
    0x2d, 0x00, 0x00, 0x6a, 0x22, 0x05, 0x20, 0x01, 0x41, 0x01, 0x6a, 0x2d, 0x00, 0x00, 0x6a, 0x22, 0x02, 0x20, 0x01, 0x41, 0x02, 0x6a, 0x2d, 0x00, 0x00, 0x6a,
    0x22, 0x06, 0x20, 0x01, 0x41, 0x03, 0x6a, 0x2d, 0x00, 0x00, 0x6a, 0x22, 0x03, 0x20, 0x06, 0x20, 0x02, 0x20, 0x05, 0x20, 0x04, 0x6a, 0x6a, 0x6a, 0x6a, 0x21,
    0x04, 0x20, 0x01, 0x41, 0x04, 0x6a, 0x21, 0x01, 0x20, 0x00, 0x41, 0x7c, 0x6a, 0x22, 0x00, 0x0d, 0x00, 0x0b, 0x0b, 0x20, 0x04, 0x41, 0xf1, 0xff, 0x03, 0x70,
    0x41, 0x10, 0x74, 0x20, 0x03, 0x41, 0x8f, 0x80, 0x7c, 0x6a, 0x20, 0x03, 0x20, 0x03, 0x41, 0xf0, 0xff, 0x03, 0x4b, 0x1b, 0x72, 0x0f, 0x0b, 0x20, 0x02, 0x21,
    0x00, 0x20, 0x01, 0x21, 0x05, 0x03, 0x40, 0x20, 0x00, 0x41, 0x7f, 0x6a, 0x21, 0x00, 0x20, 0x03, 0x20, 0x05, 0x2d, 0x00, 0x00, 0x6a, 0x22, 0x03, 0x20, 0x04,
    0x6a, 0x21, 0x04, 0x20, 0x05, 0x41, 0x01, 0x6a, 0x22, 0x01, 0x21, 0x05, 0x20, 0x06, 0x41, 0x7f, 0x6a, 0x22, 0x06, 0x0d, 0x00, 0x0b, 0x0b, 0x20, 0x02, 0x41,
    0x04, 0x49, 0x0d, 0x00, 0x03, 0x40, 0x20, 0x03, 0x20, 0x01, 0x2d, 0x00, 0x00, 0x6a, 0x22, 0x05, 0x20, 0x01, 0x41, 0x01, 0x6a, 0x2d, 0x00, 0x00, 0x6a, 0x22,
    0x02, 0x20, 0x01, 0x41, 0x02, 0x6a, 0x2d, 0x00, 0x00, 0x6a, 0x22, 0x06, 0x20, 0x01, 0x41, 0x03, 0x6a, 0x2d, 0x00, 0x00, 0x6a, 0x22, 0x03, 0x20, 0x06, 0x20,
    0x02, 0x20, 0x05, 0x20, 0x04, 0x6a, 0x6a, 0x6a, 0x6a, 0x21, 0x04, 0x20, 0x01, 0x41, 0x04, 0x6a, 0x21, 0x01, 0x20, 0x00, 0x41, 0x7c, 0x6a, 0x22, 0x00, 0x0d,
    0x00, 0x0b, 0x0b, 0x20, 0x04, 0x41, 0xf1, 0xff, 0x03, 0x70, 0x21, 0x04, 0x20, 0x03, 0x41, 0xf1, 0xff, 0x03, 0x70, 0x21, 0x03, 0x0b, 0x20, 0x04, 0x41, 0x10,
    0x74, 0x20, 0x03, 0x72, 0x21, 0x00, 0x0b, 0x20, 0x00, 0x0b, 0x0e, 0x00, 0x20, 0x00, 0x20, 0x01, 0x20, 0x02, 0x10, 0x8a, 0x80, 0x80, 0x80, 0x00, 0x0b, 0xcf,
    0x03, 0x01, 0x01, 0x7f, 0x02, 0x40, 0x20, 0x01, 0x0d, 0x00, 0x41, 0x00, 0x0f, 0x0b, 0x20, 0x00, 0x41, 0x7f, 0x73, 0x21, 0x00, 0x02, 0x40, 0x20, 0x02, 0x41,
    0x08, 0x49, 0x0d, 0x00, 0x03, 0x40, 0x20, 0x01, 0x2d, 0x00, 0x00, 0x20, 0x00, 0x73, 0x41, 0xff, 0x01, 0x71, 0x41, 0x02, 0x74, 0x28, 0x02, 0x90, 0x9f, 0x80,
    0x80, 0x00, 0x20, 0x00, 0x41, 0x08, 0x76, 0x73, 0x22, 0x00, 0x41, 0x08, 0x76, 0x20, 0x01, 0x41, 0x01, 0x6a, 0x2d, 0x00, 0x00, 0x20, 0x00, 0x73, 0x41, 0xff,
    0x01, 0x71, 0x41, 0x02, 0x74, 0x28, 0x02, 0x90, 0x9f, 0x80, 0x80, 0x00, 0x73, 0x22, 0x00, 0x41, 0x08, 0x76, 0x20, 0x01, 0x41, 0x02, 0x6a, 0x2d, 0x00, 0x00,
    0x20, 0x00, 0x73, 0x41, 0xff, 0x01, 0x71, 0x41, 0x02, 0x74, 0x28, 0x02, 0x90, 0x9f, 0x80, 0x80, 0x00, 0x73, 0x22, 0x00, 0x41, 0x08, 0x76, 0x20, 0x01, 0x41,
    0x03, 0x6a, 0x2d, 0x00, 0x00, 0x20, 0x00, 0x73, 0x41, 0xff, 0x01, 0x71, 0x41, 0x02, 0x74, 0x28, 0x02, 0x90, 0x9f, 0x80, 0x80, 0x00, 0x73, 0x22, 0x00, 0x41,
    0x08, 0x76, 0x20, 0x01, 0x41, 0x04, 0x6a, 0x2d, 0x00, 0x00, 0x20, 0x00, 0x73, 0x41, 0xff, 0x01, 0x71, 0x41, 0x02, 0x74, 0x28, 0x02, 0x90, 0x9f, 0x80, 0x80,
    0x00, 0x73, 0x22, 0x00, 0x41, 0x08, 0x76, 0x20, 0x01, 0x41, 0x05, 0x6a, 0x2d, 0x00, 0x00, 0x20, 0x00, 0x73, 0x41, 0xff, 0x01, 0x71, 0x41, 0x02, 0x74, 0x28,
    0x02, 0x90, 0x9f, 0x80, 0x80, 0x00, 0x73, 0x22, 0x00, 0x41, 0x08, 0x76, 0x20, 0x01, 0x41, 0x06, 0x6a, 0x2d, 0x00, 0x00, 0x20, 0x00, 0x73, 0x41, 0xff, 0x01,
    0x71, 0x41, 0x02, 0x74, 0x28, 0x02, 0x90, 0x9f, 0x80, 0x80, 0x00, 0x73, 0x22, 0x00, 0x41, 0x08, 0x76, 0x20, 0x01, 0x41, 0x07, 0x6a, 0x2d, 0x00, 0x00, 0x20,
    0x00, 0x73, 0x41, 0xff, 0x01, 0x71, 0x41, 0x02, 0x74, 0x28, 0x02, 0x90, 0x9f, 0x80, 0x80, 0x00, 0x73, 0x21, 0x00, 0x20, 0x01, 0x41, 0x08, 0x6a, 0x21, 0x01,
    0x20, 0x02, 0x41, 0x78, 0x6a, 0x22, 0x02, 0x41, 0x07, 0x4b, 0x0d, 0x00, 0x0b, 0x0b, 0x02, 0x40, 0x20, 0x02, 0x45, 0x0d, 0x00, 0x02, 0x40, 0x02, 0x40, 0x20,
    0x02, 0x41, 0x01, 0x71, 0x0d, 0x00, 0x20, 0x02, 0x21, 0x03, 0x0c, 0x01, 0x0b, 0x20, 0x01, 0x2d, 0x00, 0x00, 0x20, 0x00, 0x73, 0x41, 0xff, 0x01, 0x71, 0x41,
    0x02, 0x74, 0x28, 0x02, 0x90, 0x9f, 0x80, 0x80, 0x00, 0x20, 0x00, 0x41, 0x08, 0x76, 0x73, 0x21, 0x00, 0x20, 0x01, 0x41, 0x01, 0x6a, 0x21, 0x01, 0x20, 0x02,
    0x41, 0x7f, 0x6a, 0x21, 0x03, 0x0b, 0x20, 0x02, 0x41, 0x01, 0x46, 0x0d, 0x00, 0x03, 0x40, 0x20, 0x01, 0x41, 0x01, 0x6a, 0x2d, 0x00, 0x00, 0x20, 0x01, 0x2d,
    0x00, 0x00, 0x20, 0x00, 0x73, 0x41, 0xff, 0x01, 0x71, 0x41, 0x02, 0x74, 0x28, 0x02, 0x90, 0x9f, 0x80, 0x80, 0x00, 0x20, 0x00, 0x41, 0x08, 0x76, 0x73, 0x22,
    0x00, 0x73, 0x41, 0xff, 0x01, 0x71, 0x41, 0x02, 0x74, 0x28, 0x02, 0x90, 0x9f, 0x80, 0x80, 0x00, 0x20, 0x00, 0x41, 0x08, 0x76, 0x73, 0x21, 0x00, 0x20, 0x01,
    0x41, 0x02, 0x6a, 0x21, 0x01, 0x20, 0x03, 0x41, 0x7e, 0x6a, 0x22, 0x03, 0x0d, 0x00, 0x0b, 0x0b, 0x20, 0x00, 0x41, 0x7f, 0x73, 0x0b, 0x0e, 0x00, 0x20, 0x00,
    0x20, 0x01, 0x20, 0x02, 0x10, 0x8c, 0x80, 0x80, 0x80, 0x00, 0x0b, 0xe7, 0x01, 0x01, 0x02, 0x7f, 0x02, 0x40, 0x20, 0x02, 0x45, 0x0d, 0x00, 0x02, 0x40, 0x02,
    0x40, 0x20, 0x02, 0x41, 0x07, 0x71, 0x22, 0x03, 0x0d, 0x00, 0x20, 0x02, 0x21, 0x04, 0x0c, 0x01, 0x0b, 0x20, 0x02, 0x41, 0x78, 0x71, 0x21, 0x04, 0x03, 0x40,
    0x20, 0x00, 0x20, 0x01, 0x2d, 0x00, 0x00, 0x3a, 0x00, 0x00, 0x20, 0x00, 0x41, 0x01, 0x6a, 0x21, 0x00, 0x20, 0x01, 0x41, 0x01, 0x6a, 0x21, 0x01, 0x20, 0x03,
    0x41, 0x7f, 0x6a, 0x22, 0x03, 0x0d, 0x00, 0x0b, 0x0b, 0x20, 0x02, 0x41, 0x08, 0x49, 0x0d, 0x00, 0x03, 0x40, 0x20, 0x00, 0x20, 0x01, 0x2d, 0x00, 0x00, 0x3a,
    0x00, 0x00, 0x20, 0x00, 0x41, 0x01, 0x6a, 0x20, 0x01, 0x41, 0x01, 0x6a, 0x2d, 0x00, 0x00, 0x3a, 0x00, 0x00, 0x20, 0x00, 0x41, 0x02, 0x6a, 0x20, 0x01, 0x41,
    0x02, 0x6a, 0x2d, 0x00, 0x00, 0x3a, 0x00, 0x00, 0x20, 0x00, 0x41, 0x03, 0x6a, 0x20, 0x01, 0x41, 0x03, 0x6a, 0x2d, 0x00, 0x00, 0x3a, 0x00, 0x00, 0x20, 0x00,
    0x41, 0x04, 0x6a, 0x20, 0x01, 0x41, 0x04, 0x6a, 0x2d, 0x00, 0x00, 0x3a, 0x00, 0x00, 0x20, 0x00, 0x41, 0x05, 0x6a, 0x20, 0x01, 0x41, 0x05, 0x6a, 0x2d, 0x00,
    0x00, 0x3a, 0x00, 0x00, 0x20, 0x00, 0x41, 0x06, 0x6a, 0x20, 0x01, 0x41, 0x06, 0x6a, 0x2d, 0x00, 0x00, 0x3a, 0x00, 0x00, 0x20, 0x00, 0x41, 0x07, 0x6a, 0x20,
    0x01, 0x41, 0x07, 0x6a, 0x2d, 0x00, 0x00, 0x3a, 0x00, 0x00, 0x20, 0x00, 0x41, 0x08, 0x6a, 0x21, 0x00, 0x20, 0x01, 0x41, 0x08, 0x6a, 0x21, 0x01, 0x20, 0x04,
    0x41, 0x78, 0x6a, 0x22, 0x04, 0x0d, 0x00, 0x0b, 0x0b, 0x0b, 0x63, 0x01, 0x02, 0x7f, 0x02, 0x40, 0x20, 0x01, 0x45, 0x0d, 0x00, 0x02, 0x40, 0x02, 0x40, 0x20,
    0x01, 0x41, 0x07, 0x71, 0x22, 0x02, 0x0d, 0x00, 0x20, 0x01, 0x21, 0x03, 0x0c, 0x01, 0x0b, 0x20, 0x01, 0x41, 0x78, 0x71, 0x21, 0x03, 0x03, 0x40, 0x20, 0x00,
    0x41, 0x00, 0x3a, 0x00, 0x00, 0x20, 0x00, 0x41, 0x01, 0x6a, 0x21, 0x00, 0x20, 0x02, 0x41, 0x7f, 0x6a, 0x22, 0x02, 0x0d, 0x00, 0x0b, 0x0b, 0x20, 0x01, 0x41,
    0x08, 0x49, 0x0d, 0x00, 0x03, 0x40, 0x20, 0x00, 0x42, 0x00, 0x37, 0x00, 0x00, 0x20, 0x00, 0x41, 0x08, 0x6a, 0x21, 0x00, 0x20, 0x03, 0x41, 0x78, 0x6a, 0x22,
    0x03, 0x0d, 0x00, 0x0b, 0x0b, 0x0b, 0x0b, 0x98, 0x1f, 0x01, 0x00, 0x41, 0x80, 0x08, 0x0b, 0x90, 0x1f, 0x31, 0x2e, 0x33, 0x2e, 0x32, 0x2e, 0x31, 0x2d, 0x6d,
    0x6f, 0x74, 0x6c, 0x65, 0x79, 0x00, 0x69, 0x6e, 0x76, 0x61, 0x6c, 0x69, 0x64, 0x20, 0x6c, 0x69, 0x74, 0x65, 0x72, 0x61, 0x6c, 0x2f, 0x6c, 0x65, 0x6e, 0x67,
    0x74, 0x68, 0x73, 0x20, 0x73, 0x65, 0x74, 0x00, 0x69, 0x6e, 0x76, 0x61, 0x6c, 0x69, 0x64, 0x20, 0x63, 0x6f, 0x64, 0x65, 0x20, 0x6c, 0x65, 0x6e, 0x67, 0x74,
    0x68, 0x73, 0x20, 0x73, 0x65, 0x74, 0x00, 0x75, 0x6e, 0x6b, 0x6e, 0x6f, 0x77, 0x6e, 0x20, 0x68, 0x65, 0x61, 0x64, 0x65, 0x72, 0x20, 0x66, 0x6c, 0x61, 0x67,
    0x73, 0x20, 0x73, 0x65, 0x74, 0x00, 0x69, 0x6e, 0x76, 0x61, 0x6c, 0x69, 0x64, 0x20, 0x64, 0x69, 0x73, 0x74, 0x61, 0x6e, 0x63, 0x65, 0x73, 0x20, 0x73, 0x65,
    0x74, 0x00, 0x69, 0x6e, 0x76, 0x61, 0x6c, 0x69, 0x64, 0x20, 0x62, 0x69, 0x74, 0x20, 0x6c, 0x65, 0x6e, 0x67, 0x74, 0x68, 0x20, 0x72, 0x65, 0x70, 0x65, 0x61,
    0x74, 0x00, 0x74, 0x6f, 0x6f, 0x20, 0x6d, 0x61, 0x6e, 0x79, 0x20, 0x6c, 0x65, 0x6e, 0x67, 0x74, 0x68, 0x20, 0x6f, 0x72, 0x20, 0x64, 0x69, 0x73, 0x74, 0x61,
    0x6e, 0x63, 0x65, 0x20, 0x73, 0x79, 0x6d, 0x62, 0x6f, 0x6c, 0x73, 0x00, 0x69, 0x6e, 0x76, 0x61, 0x6c, 0x69, 0x64, 0x20, 0x73, 0x74, 0x6f, 0x72, 0x65, 0x64,
    0x20, 0x62, 0x6c, 0x6f, 0x63, 0x6b, 0x20, 0x6c, 0x65, 0x6e, 0x67, 0x74, 0x68, 0x73, 0x00, 0x69, 0x6e, 0x76, 0x61, 0x6c, 0x69, 0x64, 0x20, 0x63, 0x6f, 0x64,
    0x65, 0x20, 0x2d, 0x2d, 0x20, 0x6d, 0x69, 0x73, 0x73, 0x69, 0x6e, 0x67, 0x20, 0x65, 0x6e, 0x64, 0x2d, 0x6f, 0x66, 0x2d, 0x62, 0x6c, 0x6f, 0x63, 0x6b, 0x00,
    0x69, 0x6e, 0x63, 0x6f, 0x72, 0x72, 0x65, 0x63, 0x74, 0x20, 0x68, 0x65, 0x61, 0x64, 0x65, 0x72, 0x20, 0x63, 0x68, 0x65, 0x63, 0x6b, 0x00, 0x69, 0x6e, 0x63,
    0x6f, 0x72, 0x72, 0x65, 0x63, 0x74, 0x20, 0x6c, 0x65, 0x6e, 0x67, 0x74, 0x68, 0x20, 0x63, 0x68, 0x65, 0x63, 0x6b, 0x00, 0x69, 0x6e, 0x63, 0x6f, 0x72, 0x72,
    0x65, 0x63, 0x74, 0x20, 0x64, 0x61, 0x74, 0x61, 0x20, 0x63, 0x68, 0x65, 0x63, 0x6b, 0x00, 0x69, 0x6e, 0x76, 0x61, 0x6c, 0x69, 0x64, 0x20, 0x64, 0x69, 0x73,
    0x74, 0x61, 0x6e, 0x63, 0x65, 0x20, 0x74, 0x6f, 0x6f, 0x20, 0x66, 0x61, 0x72, 0x20, 0x62, 0x61, 0x63, 0x6b, 0x00, 0x68, 0x65, 0x61, 0x64, 0x65, 0x72, 0x20,
    0x63, 0x72, 0x63, 0x20, 0x6d, 0x69, 0x73, 0x6d, 0x61, 0x74, 0x63, 0x68, 0x00, 0x69, 0x6e, 0x76, 0x61, 0x6c, 0x69, 0x64, 0x20, 0x77, 0x69, 0x6e, 0x64, 0x6f,
    0x77, 0x20, 0x73, 0x69, 0x7a, 0x65, 0x00, 0x69, 0x6e, 0x76, 0x61, 0x6c, 0x69, 0x64, 0x20, 0x62, 0x6c, 0x6f, 0x63, 0x6b, 0x20, 0x74, 0x79, 0x70, 0x65, 0x00,
    0x69, 0x6e, 0x76, 0x61, 0x6c, 0x69, 0x64, 0x20, 0x6c, 0x69, 0x74, 0x65, 0x72, 0x61, 0x6c, 0x2f, 0x6c, 0x65, 0x6e, 0x67, 0x74, 0x68, 0x20, 0x63, 0x6f, 0x64,
    0x65, 0x00, 0x69, 0x6e, 0x76, 0x61, 0x6c, 0x69, 0x64, 0x20, 0x64, 0x69, 0x73, 0x74, 0x61, 0x6e, 0x63, 0x65, 0x20, 0x63, 0x6f, 0x64, 0x65, 0x00, 0x75, 0x6e,
    0x6b, 0x6e, 0x6f, 0x77, 0x6e, 0x20, 0x63, 0x6f, 0x6d, 0x70, 0x72, 0x65, 0x73, 0x73, 0x69, 0x6f, 0x6e, 0x20, 0x6d, 0x65, 0x74, 0x68, 0x6f, 0x64, 0x00, 0x00,
    0x00, 0x00, 0x00, 0x10, 0x00, 0x11, 0x00, 0x12, 0x00, 0x00, 0x00, 0x08, 0x00, 0x07, 0x00, 0x09, 0x00, 0x06, 0x00, 0x0a, 0x00, 0x05, 0x00, 0x0b, 0x00, 0x04,
    0x00, 0x0c, 0x00, 0x03, 0x00, 0x0d, 0x00, 0x02, 0x00, 0x0e, 0x00, 0x01, 0x00, 0x0f, 0x00, 0x00, 0x00, 0x00, 0x00, 0x00, 0x00, 0x00, 0x00, 0x00, 0x00, 0x03,
    0x00, 0x04, 0x00, 0x05, 0x00, 0x06, 0x00, 0x07, 0x00, 0x08, 0x00, 0x09, 0x00, 0x0a, 0x00, 0x0b, 0x00, 0x0d, 0x00, 0x0f, 0x00, 0x11, 0x00, 0x13, 0x00, 0x17,
    0x00, 0x1b, 0x00, 0x1f, 0x00, 0x23, 0x00, 0x2b, 0x00, 0x33, 0x00, 0x3b, 0x00, 0x43, 0x00, 0x53, 0x00, 0x63, 0x00, 0x73, 0x00, 0x83, 0x00, 0xa3, 0x00, 0xc3,
    0x00, 0xe3, 0x00, 0x02, 0x01, 0x00, 0x00, 0x00, 0x00, 0x00, 0x00, 0x10, 0x00, 0x10, 0x00, 0x10, 0x00, 0x10, 0x00, 0x10, 0x00, 0x10, 0x00, 0x10, 0x00, 0x10,
    0x00, 0x11, 0x00, 0x11, 0x00, 0x11, 0x00, 0x11, 0x00, 0x12, 0x00, 0x12, 0x00, 0x12, 0x00, 0x12, 0x00, 0x13, 0x00, 0x13, 0x00, 0x13, 0x00, 0x13, 0x00, 0x14,
    0x00, 0x14, 0x00, 0x14, 0x00, 0x14, 0x00, 0x15, 0x00, 0x15, 0x00, 0x15, 0x00, 0x15, 0x00, 0x10, 0x00, 0x44, 0x00, 0xc1, 0x00, 0x00, 0x00, 0x01, 0x00, 0x02,
    0x00, 0x03, 0x00, 0x04, 0x00, 0x05, 0x00, 0x07, 0x00, 0x09, 0x00, 0x0d, 0x00, 0x11, 0x00, 0x19, 0x00, 0x21, 0x00, 0x31, 0x00, 0x41, 0x00, 0x61, 0x00, 0x81,
    0x00, 0xc1, 0x00, 0x01, 0x01, 0x81, 0x01, 0x01, 0x02, 0x01, 0x03, 0x01, 0x04, 0x01, 0x06, 0x01, 0x08, 0x01, 0x0c, 0x01, 0x10, 0x01, 0x18, 0x01, 0x20, 0x01,
    0x30, 0x01, 0x40, 0x01, 0x60, 0x00, 0x00, 0x00, 0x00, 0x10, 0x00, 0x10, 0x00, 0x10, 0x00, 0x10, 0x00, 0x11, 0x00, 0x11, 0x00, 0x12, 0x00, 0x12, 0x00, 0x13,
    0x00, 0x13, 0x00, 0x14, 0x00, 0x14, 0x00, 0x15, 0x00, 0x15, 0x00, 0x16, 0x00, 0x16, 0x00, 0x17, 0x00, 0x17, 0x00, 0x18, 0x00, 0x18, 0x00, 0x19, 0x00, 0x19,
    0x00, 0x1a, 0x00, 0x1a, 0x00, 0x1b, 0x00, 0x1b, 0x00, 0x1c, 0x00, 0x1c, 0x00, 0x1d, 0x00, 0x1d, 0x00, 0x40, 0x00, 0x40, 0x00, 0x60, 0x07, 0x00, 0x00, 0x00,
    0x08, 0x50, 0x00, 0x00, 0x08, 0x10, 0x00, 0x14, 0x08, 0x73, 0x00, 0x12, 0x07, 0x1f, 0x00, 0x00, 0x08, 0x70, 0x00, 0x00, 0x08, 0x30, 0x00, 0x00, 0x09, 0xc0,
    0x00, 0x10, 0x07, 0x0a, 0x00, 0x00, 0x08, 0x60, 0x00, 0x00, 0x08, 0x20, 0x00, 0x00, 0x09, 0xa0, 0x00, 0x00, 0x08, 0x00, 0x00, 0x00, 0x08, 0x80, 0x00, 0x00,
    0x08, 0x40, 0x00, 0x00, 0x09, 0xe0, 0x00, 0x10, 0x07, 0x06, 0x00, 0x00, 0x08, 0x58, 0x00, 0x00, 0x08, 0x18, 0x00, 0x00, 0x09, 0x90, 0x00, 0x13, 0x07, 0x3b,
    0x00, 0x00, 0x08, 0x78, 0x00, 0x00, 0x08, 0x38, 0x00, 0x00, 0x09, 0xd0, 0x00, 0x11, 0x07, 0x11, 0x00, 0x00, 0x08, 0x68, 0x00, 0x00, 0x08, 0x28, 0x00, 0x00,
    0x09, 0xb0, 0x00, 0x00, 0x08, 0x08, 0x00, 0x00, 0x08, 0x88, 0x00, 0x00, 0x08, 0x48, 0x00, 0x00, 0x09, 0xf0, 0x00, 0x10, 0x07, 0x04, 0x00, 0x00, 0x08, 0x54,
    0x00, 0x00, 0x08, 0x14, 0x00, 0x15, 0x08, 0xe3, 0x00, 0x13, 0x07, 0x2b, 0x00, 0x00, 0x08, 0x74, 0x00, 0x00, 0x08, 0x34, 0x00, 0x00, 0x09, 0xc8, 0x00, 0x11,
    0x07, 0x0d, 0x00, 0x00, 0x08, 0x64, 0x00, 0x00, 0x08, 0x24, 0x00, 0x00, 0x09, 0xa8, 0x00, 0x00, 0x08, 0x04, 0x00, 0x00, 0x08, 0x84, 0x00, 0x00, 0x08, 0x44,
    0x00, 0x00, 0x09, 0xe8, 0x00, 0x10, 0x07, 0x08, 0x00, 0x00, 0x08, 0x5c, 0x00, 0x00, 0x08, 0x1c, 0x00, 0x00, 0x09, 0x98, 0x00, 0x14, 0x07, 0x53, 0x00, 0x00,
    0x08, 0x7c, 0x00, 0x00, 0x08, 0x3c, 0x00, 0x00, 0x09, 0xd8, 0x00, 0x12, 0x07, 0x17, 0x00, 0x00, 0x08, 0x6c, 0x00, 0x00, 0x08, 0x2c, 0x00, 0x00, 0x09, 0xb8,
    0x00, 0x00, 0x08, 0x0c, 0x00, 0x00, 0x08, 0x8c, 0x00, 0x00, 0x08, 0x4c, 0x00, 0x00, 0x09, 0xf8, 0x00, 0x10, 0x07, 0x03, 0x00, 0x00, 0x08, 0x52, 0x00, 0x00,
    0x08, 0x12, 0x00, 0x15, 0x08, 0xa3, 0x00, 0x13, 0x07, 0x23, 0x00, 0x00, 0x08, 0x72, 0x00, 0x00, 0x08, 0x32, 0x00, 0x00, 0x09, 0xc4, 0x00, 0x11, 0x07, 0x0b,
    0x00, 0x00, 0x08, 0x62, 0x00, 0x00, 0x08, 0x22, 0x00, 0x00, 0x09, 0xa4, 0x00, 0x00, 0x08, 0x02, 0x00, 0x00, 0x08, 0x82, 0x00, 0x00, 0x08, 0x42, 0x00, 0x00,
    0x09, 0xe4, 0x00, 0x10, 0x07, 0x07, 0x00, 0x00, 0x08, 0x5a, 0x00, 0x00, 0x08, 0x1a, 0x00, 0x00, 0x09, 0x94, 0x00, 0x14, 0x07, 0x43, 0x00, 0x00, 0x08, 0x7a,
    0x00, 0x00, 0x08, 0x3a, 0x00, 0x00, 0x09, 0xd4, 0x00, 0x12, 0x07, 0x13, 0x00, 0x00, 0x08, 0x6a, 0x00, 0x00, 0x08, 0x2a, 0x00, 0x00, 0x09, 0xb4, 0x00, 0x00,
    0x08, 0x0a, 0x00, 0x00, 0x08, 0x8a, 0x00, 0x00, 0x08, 0x4a, 0x00, 0x00, 0x09, 0xf4, 0x00, 0x10, 0x07, 0x05, 0x00, 0x00, 0x08, 0x56, 0x00, 0x00, 0x08, 0x16,
    0x00, 0x40, 0x08, 0x00, 0x00, 0x13, 0x07, 0x33, 0x00, 0x00, 0x08, 0x76, 0x00, 0x00, 0x08, 0x36, 0x00, 0x00, 0x09, 0xcc, 0x00, 0x11, 0x07, 0x0f, 0x00, 0x00,
    0x08, 0x66, 0x00, 0x00, 0x08, 0x26, 0x00, 0x00, 0x09, 0xac, 0x00, 0x00, 0x08, 0x06, 0x00, 0x00, 0x08, 0x86, 0x00, 0x00, 0x08, 0x46, 0x00, 0x00, 0x09, 0xec,
    0x00, 0x10, 0x07, 0x09, 0x00, 0x00, 0x08, 0x5e, 0x00, 0x00, 0x08, 0x1e, 0x00, 0x00, 0x09, 0x9c, 0x00, 0x14, 0x07, 0x63, 0x00, 0x00, 0x08, 0x7e, 0x00, 0x00,
    0x08, 0x3e, 0x00, 0x00, 0x09, 0xdc, 0x00, 0x12, 0x07, 0x1b, 0x00, 0x00, 0x08, 0x6e, 0x00, 0x00, 0x08, 0x2e, 0x00, 0x00, 0x09, 0xbc, 0x00, 0x00, 0x08, 0x0e,
    0x00, 0x00, 0x08, 0x8e, 0x00, 0x00, 0x08, 0x4e, 0x00, 0x00, 0x09, 0xfc, 0x00, 0x60, 0x07, 0x00, 0x00, 0x00, 0x08, 0x51, 0x00, 0x00, 0x08, 0x11, 0x00, 0x15,
    0x08, 0x83, 0x00, 0x12, 0x07, 0x1f, 0x00, 0x00, 0x08, 0x71, 0x00, 0x00, 0x08, 0x31, 0x00, 0x00, 0x09, 0xc2, 0x00, 0x10, 0x07, 0x0a, 0x00, 0x00, 0x08, 0x61,
    0x00, 0x00, 0x08, 0x21, 0x00, 0x00, 0x09, 0xa2, 0x00, 0x00, 0x08, 0x01, 0x00, 0x00, 0x08, 0x81, 0x00, 0x00, 0x08, 0x41, 0x00, 0x00, 0x09, 0xe2, 0x00, 0x10,
    0x07, 0x06, 0x00, 0x00, 0x08, 0x59, 0x00, 0x00, 0x08, 0x19, 0x00, 0x00, 0x09, 0x92, 0x00, 0x13, 0x07, 0x3b, 0x00, 0x00, 0x08, 0x79, 0x00, 0x00, 0x08, 0x39,
    0x00, 0x00, 0x09, 0xd2, 0x00, 0x11, 0x07, 0x11, 0x00, 0x00, 0x08, 0x69, 0x00, 0x00, 0x08, 0x29, 0x00, 0x00, 0x09, 0xb2, 0x00, 0x00, 0x08, 0x09, 0x00, 0x00,
    0x08, 0x89, 0x00, 0x00, 0x08, 0x49, 0x00, 0x00, 0x09, 0xf2, 0x00, 0x10, 0x07, 0x04, 0x00, 0x00, 0x08, 0x55, 0x00, 0x00, 0x08, 0x15, 0x00, 0x10, 0x08, 0x02,
    0x01, 0x13, 0x07, 0x2b, 0x00, 0x00, 0x08, 0x75, 0x00, 0x00, 0x08, 0x35, 0x00, 0x00, 0x09, 0xca, 0x00, 0x11, 0x07, 0x0d, 0x00, 0x00, 0x08, 0x65, 0x00, 0x00,
    0x08, 0x25, 0x00, 0x00, 0x09, 0xaa, 0x00, 0x00, 0x08, 0x05, 0x00, 0x00, 0x08, 0x85, 0x00, 0x00, 0x08, 0x45, 0x00, 0x00, 0x09, 0xea, 0x00, 0x10, 0x07, 0x08,
    0x00, 0x00, 0x08, 0x5d, 0x00, 0x00, 0x08, 0x1d, 0x00, 0x00, 0x09, 0x9a, 0x00, 0x14, 0x07, 0x53, 0x00, 0x00, 0x08, 0x7d, 0x00, 0x00, 0x08, 0x3d, 0x00, 0x00,
    0x09, 0xda, 0x00, 0x12, 0x07, 0x17, 0x00, 0x00, 0x08, 0x6d, 0x00, 0x00, 0x08, 0x2d, 0x00, 0x00, 0x09, 0xba, 0x00, 0x00, 0x08, 0x0d, 0x00, 0x00, 0x08, 0x8d,
    0x00, 0x00, 0x08, 0x4d, 0x00, 0x00, 0x09, 0xfa, 0x00, 0x10, 0x07, 0x03, 0x00, 0x00, 0x08, 0x53, 0x00, 0x00, 0x08, 0x13, 0x00, 0x15, 0x08, 0xc3, 0x00, 0x13,
    0x07, 0x23, 0x00, 0x00, 0x08, 0x73, 0x00, 0x00, 0x08, 0x33, 0x00, 0x00, 0x09, 0xc6, 0x00, 0x11, 0x07, 0x0b, 0x00, 0x00, 0x08, 0x63, 0x00, 0x00, 0x08, 0x23,
    0x00, 0x00, 0x09, 0xa6, 0x00, 0x00, 0x08, 0x03, 0x00, 0x00, 0x08, 0x83, 0x00, 0x00, 0x08, 0x43, 0x00, 0x00, 0x09, 0xe6, 0x00, 0x10, 0x07, 0x07, 0x00, 0x00,
    0x08, 0x5b, 0x00, 0x00, 0x08, 0x1b, 0x00, 0x00, 0x09, 0x96, 0x00, 0x14, 0x07, 0x43, 0x00, 0x00, 0x08, 0x7b, 0x00, 0x00, 0x08, 0x3b, 0x00, 0x00, 0x09, 0xd6,
    0x00, 0x12, 0x07, 0x13, 0x00, 0x00, 0x08, 0x6b, 0x00, 0x00, 0x08, 0x2b, 0x00, 0x00, 0x09, 0xb6, 0x00, 0x00, 0x08, 0x0b, 0x00, 0x00, 0x08, 0x8b, 0x00, 0x00,
    0x08, 0x4b, 0x00, 0x00, 0x09, 0xf6, 0x00, 0x10, 0x07, 0x05, 0x00, 0x00, 0x08, 0x57, 0x00, 0x00, 0x08, 0x17, 0x00, 0x40, 0x08, 0x00, 0x00, 0x13, 0x07, 0x33,
    0x00, 0x00, 0x08, 0x77, 0x00, 0x00, 0x08, 0x37, 0x00, 0x00, 0x09, 0xce, 0x00, 0x11, 0x07, 0x0f, 0x00, 0x00, 0x08, 0x67, 0x00, 0x00, 0x08, 0x27, 0x00, 0x00,
    0x09, 0xae, 0x00, 0x00, 0x08, 0x07, 0x00, 0x00, 0x08, 0x87, 0x00, 0x00, 0x08, 0x47, 0x00, 0x00, 0x09, 0xee, 0x00, 0x10, 0x07, 0x09, 0x00, 0x00, 0x08, 0x5f,
    0x00, 0x00, 0x08, 0x1f, 0x00, 0x00, 0x09, 0x9e, 0x00, 0x14, 0x07, 0x63, 0x00, 0x00, 0x08, 0x7f, 0x00, 0x00, 0x08, 0x3f, 0x00, 0x00, 0x09, 0xde, 0x00, 0x12,
    0x07, 0x1b, 0x00, 0x00, 0x08, 0x6f, 0x00, 0x00, 0x08, 0x2f, 0x00, 0x00, 0x09, 0xbe, 0x00, 0x00, 0x08, 0x0f, 0x00, 0x00, 0x08, 0x8f, 0x00, 0x00, 0x08, 0x4f,
    0x00, 0x00, 0x09, 0xfe, 0x00, 0x60, 0x07, 0x00, 0x00, 0x00, 0x08, 0x50, 0x00, 0x00, 0x08, 0x10, 0x00, 0x14, 0x08, 0x73, 0x00, 0x12, 0x07, 0x1f, 0x00, 0x00,
    0x08, 0x70, 0x00, 0x00, 0x08, 0x30, 0x00, 0x00, 0x09, 0xc1, 0x00, 0x10, 0x07, 0x0a, 0x00, 0x00, 0x08, 0x60, 0x00, 0x00, 0x08, 0x20, 0x00, 0x00, 0x09, 0xa1,
    0x00, 0x00, 0x08, 0x00, 0x00, 0x00, 0x08, 0x80, 0x00, 0x00, 0x08, 0x40, 0x00, 0x00, 0x09, 0xe1, 0x00, 0x10, 0x07, 0x06, 0x00, 0x00, 0x08, 0x58, 0x00, 0x00,
    0x08, 0x18, 0x00, 0x00, 0x09, 0x91, 0x00, 0x13, 0x07, 0x3b, 0x00, 0x00, 0x08, 0x78, 0x00, 0x00, 0x08, 0x38, 0x00, 0x00, 0x09, 0xd1, 0x00, 0x11, 0x07, 0x11,
    0x00, 0x00, 0x08, 0x68, 0x00, 0x00, 0x08, 0x28, 0x00, 0x00, 0x09, 0xb1, 0x00, 0x00, 0x08, 0x08, 0x00, 0x00, 0x08, 0x88, 0x00, 0x00, 0x08, 0x48, 0x00, 0x00,
    0x09, 0xf1, 0x00, 0x10, 0x07, 0x04, 0x00, 0x00, 0x08, 0x54, 0x00, 0x00, 0x08, 0x14, 0x00, 0x15, 0x08, 0xe3, 0x00, 0x13, 0x07, 0x2b, 0x00, 0x00, 0x08, 0x74,
    0x00, 0x00, 0x08, 0x34, 0x00, 0x00, 0x09, 0xc9, 0x00, 0x11, 0x07, 0x0d, 0x00, 0x00, 0x08, 0x64, 0x00, 0x00, 0x08, 0x24, 0x00, 0x00, 0x09, 0xa9, 0x00, 0x00,
    0x08, 0x04, 0x00, 0x00, 0x08, 0x84, 0x00, 0x00, 0x08, 0x44, 0x00, 0x00, 0x09, 0xe9, 0x00, 0x10, 0x07, 0x08, 0x00, 0x00, 0x08, 0x5c, 0x00, 0x00, 0x08, 0x1c,
    0x00, 0x00, 0x09, 0x99, 0x00, 0x14, 0x07, 0x53, 0x00, 0x00, 0x08, 0x7c, 0x00, 0x00, 0x08, 0x3c, 0x00, 0x00, 0x09, 0xd9, 0x00, 0x12, 0x07, 0x17, 0x00, 0x00,
    0x08, 0x6c, 0x00, 0x00, 0x08, 0x2c, 0x00, 0x00, 0x09, 0xb9, 0x00, 0x00, 0x08, 0x0c, 0x00, 0x00, 0x08, 0x8c, 0x00, 0x00, 0x08, 0x4c, 0x00, 0x00, 0x09, 0xf9,
    0x00, 0x10, 0x07, 0x03, 0x00, 0x00, 0x08, 0x52, 0x00, 0x00, 0x08, 0x12, 0x00, 0x15, 0x08, 0xa3, 0x00, 0x13, 0x07, 0x23, 0x00, 0x00, 0x08, 0x72, 0x00, 0x00,
    0x08, 0x32, 0x00, 0x00, 0x09, 0xc5, 0x00, 0x11, 0x07, 0x0b, 0x00, 0x00, 0x08, 0x62, 0x00, 0x00, 0x08, 0x22, 0x00, 0x00, 0x09, 0xa5, 0x00, 0x00, 0x08, 0x02,
    0x00, 0x00, 0x08, 0x82, 0x00, 0x00, 0x08, 0x42, 0x00, 0x00, 0x09, 0xe5, 0x00, 0x10, 0x07, 0x07, 0x00, 0x00, 0x08, 0x5a, 0x00, 0x00, 0x08, 0x1a, 0x00, 0x00,
    0x09, 0x95, 0x00, 0x14, 0x07, 0x43, 0x00, 0x00, 0x08, 0x7a, 0x00, 0x00, 0x08, 0x3a, 0x00, 0x00, 0x09, 0xd5, 0x00, 0x12, 0x07, 0x13, 0x00, 0x00, 0x08, 0x6a,
    0x00, 0x00, 0x08, 0x2a, 0x00, 0x00, 0x09, 0xb5, 0x00, 0x00, 0x08, 0x0a, 0x00, 0x00, 0x08, 0x8a, 0x00, 0x00, 0x08, 0x4a, 0x00, 0x00, 0x09, 0xf5, 0x00, 0x10,
    0x07, 0x05, 0x00, 0x00, 0x08, 0x56, 0x00, 0x00, 0x08, 0x16, 0x00, 0x40, 0x08, 0x00, 0x00, 0x13, 0x07, 0x33, 0x00, 0x00, 0x08, 0x76, 0x00, 0x00, 0x08, 0x36,
    0x00, 0x00, 0x09, 0xcd, 0x00, 0x11, 0x07, 0x0f, 0x00, 0x00, 0x08, 0x66, 0x00, 0x00, 0x08, 0x26, 0x00, 0x00, 0x09, 0xad, 0x00, 0x00, 0x08, 0x06, 0x00, 0x00,
    0x08, 0x86, 0x00, 0x00, 0x08, 0x46, 0x00, 0x00, 0x09, 0xed, 0x00, 0x10, 0x07, 0x09, 0x00, 0x00, 0x08, 0x5e, 0x00, 0x00, 0x08, 0x1e, 0x00, 0x00, 0x09, 0x9d,
    0x00, 0x14, 0x07, 0x63, 0x00, 0x00, 0x08, 0x7e, 0x00, 0x00, 0x08, 0x3e, 0x00, 0x00, 0x09, 0xdd, 0x00, 0x12, 0x07, 0x1b, 0x00, 0x00, 0x08, 0x6e, 0x00, 0x00,
    0x08, 0x2e, 0x00, 0x00, 0x09, 0xbd, 0x00, 0x00, 0x08, 0x0e, 0x00, 0x00, 0x08, 0x8e, 0x00, 0x00, 0x08, 0x4e, 0x00, 0x00, 0x09, 0xfd, 0x00, 0x60, 0x07, 0x00,
    0x00, 0x00, 0x08, 0x51, 0x00, 0x00, 0x08, 0x11, 0x00, 0x15, 0x08, 0x83, 0x00, 0x12, 0x07, 0x1f, 0x00, 0x00, 0x08, 0x71, 0x00, 0x00, 0x08, 0x31, 0x00, 0x00,
    0x09, 0xc3, 0x00, 0x10, 0x07, 0x0a, 0x00, 0x00, 0x08, 0x61, 0x00, 0x00, 0x08, 0x21, 0x00, 0x00, 0x09, 0xa3, 0x00, 0x00, 0x08, 0x01, 0x00, 0x00, 0x08, 0x81,
    0x00, 0x00, 0x08, 0x41, 0x00, 0x00, 0x09, 0xe3, 0x00, 0x10, 0x07, 0x06, 0x00, 0x00, 0x08, 0x59, 0x00, 0x00, 0x08, 0x19, 0x00, 0x00, 0x09, 0x93, 0x00, 0x13,
    0x07, 0x3b, 0x00, 0x00, 0x08, 0x79, 0x00, 0x00, 0x08, 0x39, 0x00, 0x00, 0x09, 0xd3, 0x00, 0x11, 0x07, 0x11, 0x00, 0x00, 0x08, 0x69, 0x00, 0x00, 0x08, 0x29,
    0x00, 0x00, 0x09, 0xb3, 0x00, 0x00, 0x08, 0x09, 0x00, 0x00, 0x08, 0x89, 0x00, 0x00, 0x08, 0x49, 0x00, 0x00, 0x09, 0xf3, 0x00, 0x10, 0x07, 0x04, 0x00, 0x00,
    0x08, 0x55, 0x00, 0x00, 0x08, 0x15, 0x00, 0x10, 0x08, 0x02, 0x01, 0x13, 0x07, 0x2b, 0x00, 0x00, 0x08, 0x75, 0x00, 0x00, 0x08, 0x35, 0x00, 0x00, 0x09, 0xcb,
    0x00, 0x11, 0x07, 0x0d, 0x00, 0x00, 0x08, 0x65, 0x00, 0x00, 0x08, 0x25, 0x00, 0x00, 0x09, 0xab, 0x00, 0x00, 0x08, 0x05, 0x00, 0x00, 0x08, 0x85, 0x00, 0x00,
    0x08, 0x45, 0x00, 0x00, 0x09, 0xeb, 0x00, 0x10, 0x07, 0x08, 0x00, 0x00, 0x08, 0x5d, 0x00, 0x00, 0x08, 0x1d, 0x00, 0x00, 0x09, 0x9b, 0x00, 0x14, 0x07, 0x53,
    0x00, 0x00, 0x08, 0x7d, 0x00, 0x00, 0x08, 0x3d, 0x00, 0x00, 0x09, 0xdb, 0x00, 0x12, 0x07, 0x17, 0x00, 0x00, 0x08, 0x6d, 0x00, 0x00, 0x08, 0x2d, 0x00, 0x00,
    0x09, 0xbb, 0x00, 0x00, 0x08, 0x0d, 0x00, 0x00, 0x08, 0x8d, 0x00, 0x00, 0x08, 0x4d, 0x00, 0x00, 0x09, 0xfb, 0x00, 0x10, 0x07, 0x03, 0x00, 0x00, 0x08, 0x53,
    0x00, 0x00, 0x08, 0x13, 0x00, 0x15, 0x08, 0xc3, 0x00, 0x13, 0x07, 0x23, 0x00, 0x00, 0x08, 0x73, 0x00, 0x00, 0x08, 0x33, 0x00, 0x00, 0x09, 0xc7, 0x00, 0x11,
    0x07, 0x0b, 0x00, 0x00, 0x08, 0x63, 0x00, 0x00, 0x08, 0x23, 0x00, 0x00, 0x09, 0xa7, 0x00, 0x00, 0x08, 0x03, 0x00, 0x00, 0x08, 0x83, 0x00, 0x00, 0x08, 0x43,
    0x00, 0x00, 0x09, 0xe7, 0x00, 0x10, 0x07, 0x07, 0x00, 0x00, 0x08, 0x5b, 0x00, 0x00, 0x08, 0x1b, 0x00, 0x00, 0x09, 0x97, 0x00, 0x14, 0x07, 0x43, 0x00, 0x00,
    0x08, 0x7b, 0x00, 0x00, 0x08, 0x3b, 0x00, 0x00, 0x09, 0xd7, 0x00, 0x12, 0x07, 0x13, 0x00, 0x00, 0x08, 0x6b, 0x00, 0x00, 0x08, 0x2b, 0x00, 0x00, 0x09, 0xb7,
    0x00, 0x00, 0x08, 0x0b, 0x00, 0x00, 0x08, 0x8b, 0x00, 0x00, 0x08, 0x4b, 0x00, 0x00, 0x09, 0xf7, 0x00, 0x10, 0x07, 0x05, 0x00, 0x00, 0x08, 0x57, 0x00, 0x00,
    0x08, 0x17, 0x00, 0x40, 0x08, 0x00, 0x00, 0x13, 0x07, 0x33, 0x00, 0x00, 0x08, 0x77, 0x00, 0x00, 0x08, 0x37, 0x00, 0x00, 0x09, 0xcf, 0x00, 0x11, 0x07, 0x0f,
    0x00, 0x00, 0x08, 0x67, 0x00, 0x00, 0x08, 0x27, 0x00, 0x00, 0x09, 0xaf, 0x00, 0x00, 0x08, 0x07, 0x00, 0x00, 0x08, 0x87, 0x00, 0x00, 0x08, 0x47, 0x00, 0x00,
    0x09, 0xef, 0x00, 0x10, 0x07, 0x09, 0x00, 0x00, 0x08, 0x5f, 0x00, 0x00, 0x08, 0x1f, 0x00, 0x00, 0x09, 0x9f, 0x00, 0x14, 0x07, 0x63, 0x00, 0x00, 0x08, 0x7f,
    0x00, 0x00, 0x08, 0x3f, 0x00, 0x00, 0x09, 0xdf, 0x00, 0x12, 0x07, 0x1b, 0x00, 0x00, 0x08, 0x6f, 0x00, 0x00, 0x08, 0x2f, 0x00, 0x00, 0x09, 0xbf, 0x00, 0x00,
    0x08, 0x0f, 0x00, 0x00, 0x08, 0x8f, 0x00, 0x00, 0x08, 0x4f, 0x00, 0x00, 0x09, 0xff, 0x00, 0x10, 0x05, 0x01, 0x00, 0x17, 0x05, 0x01, 0x01, 0x13, 0x05, 0x11,
    0x00, 0x1b, 0x05, 0x01, 0x10, 0x11, 0x05, 0x05, 0x00, 0x19, 0x05, 0x01, 0x04, 0x15, 0x05, 0x41, 0x00, 0x1d, 0x05, 0x01, 0x40, 0x10, 0x05, 0x03, 0x00, 0x18,
    0x05, 0x01, 0x02, 0x14, 0x05, 0x21, 0x00, 0x1c, 0x05, 0x01, 0x20, 0x12, 0x05, 0x09, 0x00, 0x1a, 0x05, 0x01, 0x08, 0x16, 0x05, 0x81, 0x00, 0x40, 0x05, 0x00,
    0x00, 0x10, 0x05, 0x02, 0x00, 0x17, 0x05, 0x81, 0x01, 0x13, 0x05, 0x19, 0x00, 0x1b, 0x05, 0x01, 0x18, 0x11, 0x05, 0x07, 0x00, 0x19, 0x05, 0x01, 0x06, 0x15,
    0x05, 0x61, 0x00, 0x1d, 0x05, 0x01, 0x60, 0x10, 0x05, 0x04, 0x00, 0x18, 0x05, 0x01, 0x03, 0x14, 0x05, 0x31, 0x00, 0x1c, 0x05, 0x01, 0x30, 0x12, 0x05, 0x0d,
    0x00, 0x1a, 0x05, 0x01, 0x0c, 0x16, 0x05, 0xc1, 0x00, 0x40, 0x05, 0x00, 0x00, 0x00, 0x00, 0x00, 0x00, 0x96, 0x30, 0x07, 0x77, 0x2c, 0x61, 0x0e, 0xee, 0xba,
    0x51, 0x09, 0x99, 0x19, 0xc4, 0x6d, 0x07, 0x8f, 0xf4, 0x6a, 0x70, 0x35, 0xa5, 0x63, 0xe9, 0xa3, 0x95, 0x64, 0x9e, 0x32, 0x88, 0xdb, 0x0e, 0xa4, 0xb8, 0xdc,
    0x79, 0x1e, 0xe9, 0xd5, 0xe0, 0x88, 0xd9, 0xd2, 0x97, 0x2b, 0x4c, 0xb6, 0x09, 0xbd, 0x7c, 0xb1, 0x7e, 0x07, 0x2d, 0xb8, 0xe7, 0x91, 0x1d, 0xbf, 0x90, 0x64,
    0x10, 0xb7, 0x1d, 0xf2, 0x20, 0xb0, 0x6a, 0x48, 0x71, 0xb9, 0xf3, 0xde, 0x41, 0xbe, 0x84, 0x7d, 0xd4, 0xda, 0x1a, 0xeb, 0xe4, 0xdd, 0x6d, 0x51, 0xb5, 0xd4,
    0xf4, 0xc7, 0x85, 0xd3, 0x83, 0x56, 0x98, 0x6c, 0x13, 0xc0, 0xa8, 0x6b, 0x64, 0x7a, 0xf9, 0x62, 0xfd, 0xec, 0xc9, 0x65, 0x8a, 0x4f, 0x5c, 0x01, 0x14, 0xd9,
    0x6c, 0x06, 0x63, 0x63, 0x3d, 0x0f, 0xfa, 0xf5, 0x0d, 0x08, 0x8d, 0xc8, 0x20, 0x6e, 0x3b, 0x5e, 0x10, 0x69, 0x4c, 0xe4, 0x41, 0x60, 0xd5, 0x72, 0x71, 0x67,
    0xa2, 0xd1, 0xe4, 0x03, 0x3c, 0x47, 0xd4, 0x04, 0x4b, 0xfd, 0x85, 0x0d, 0xd2, 0x6b, 0xb5, 0x0a, 0xa5, 0xfa, 0xa8, 0xb5, 0x35, 0x6c, 0x98, 0xb2, 0x42, 0xd6,
    0xc9, 0xbb, 0xdb, 0x40, 0xf9, 0xbc, 0xac, 0xe3, 0x6c, 0xd8, 0x32, 0x75, 0x5c, 0xdf, 0x45, 0xcf, 0x0d, 0xd6, 0xdc, 0x59, 0x3d, 0xd1, 0xab, 0xac, 0x30, 0xd9,
    0x26, 0x3a, 0x00, 0xde, 0x51, 0x80, 0x51, 0xd7, 0xc8, 0x16, 0x61, 0xd0, 0xbf, 0xb5, 0xf4, 0xb4, 0x21, 0x23, 0xc4, 0xb3, 0x56, 0x99, 0x95, 0xba, 0xcf, 0x0f,
    0xa5, 0xbd, 0xb8, 0x9e, 0xb8, 0x02, 0x28, 0x08, 0x88, 0x05, 0x5f, 0xb2, 0xd9, 0x0c, 0xc6, 0x24, 0xe9, 0x0b, 0xb1, 0x87, 0x7c, 0x6f, 0x2f, 0x11, 0x4c, 0x68,
    0x58, 0xab, 0x1d, 0x61, 0xc1, 0x3d, 0x2d, 0x66, 0xb6, 0x90, 0x41, 0xdc, 0x76, 0x06, 0x71, 0xdb, 0x01, 0xbc, 0x20, 0xd2, 0x98, 0x2a, 0x10, 0xd5, 0xef, 0x89,
    0x85, 0xb1, 0x71, 0x1f, 0xb5, 0xb6, 0x06, 0xa5, 0xe4, 0xbf, 0x9f, 0x33, 0xd4, 0xb8, 0xe8, 0xa2, 0xc9, 0x07, 0x78, 0x34, 0xf9, 0x00, 0x0f, 0x8e, 0xa8, 0x09,
    0x96, 0x18, 0x98, 0x0e, 0xe1, 0xbb, 0x0d, 0x6a, 0x7f, 0x2d, 0x3d, 0x6d, 0x08, 0x97, 0x6c, 0x64, 0x91, 0x01, 0x5c, 0x63, 0xe6, 0xf4, 0x51, 0x6b, 0x6b, 0x62,
    0x61, 0x6c, 0x1c, 0xd8, 0x30, 0x65, 0x85, 0x4e, 0x00, 0x62, 0xf2, 0xed, 0x95, 0x06, 0x6c, 0x7b, 0xa5, 0x01, 0x1b, 0xc1, 0xf4, 0x08, 0x82, 0x57, 0xc4, 0x0f,
    0xf5, 0xc6, 0xd9, 0xb0, 0x65, 0x50, 0xe9, 0xb7, 0x12, 0xea, 0xb8, 0xbe, 0x8b, 0x7c, 0x88, 0xb9, 0xfc, 0xdf, 0x1d, 0xdd, 0x62, 0x49, 0x2d, 0xda, 0x15, 0xf3,
    0x7c, 0xd3, 0x8c, 0x65, 0x4c, 0xd4, 0xfb, 0x58, 0x61, 0xb2, 0x4d, 0xce, 0x51, 0xb5, 0x3a, 0x74, 0x00, 0xbc, 0xa3, 0xe2, 0x30, 0xbb, 0xd4, 0x41, 0xa5, 0xdf,
    0x4a, 0xd7, 0x95, 0xd8, 0x3d, 0x6d, 0xc4, 0xd1, 0xa4, 0xfb, 0xf4, 0xd6, 0xd3, 0x6a, 0xe9, 0x69, 0x43, 0xfc, 0xd9, 0x6e, 0x34, 0x46, 0x88, 0x67, 0xad, 0xd0,
    0xb8, 0x60, 0xda, 0x73, 0x2d, 0x04, 0x44, 0xe5, 0x1d, 0x03, 0x33, 0x5f, 0x4c, 0x0a, 0xaa, 0xc9, 0x7c, 0x0d, 0xdd, 0x3c, 0x71, 0x05, 0x50, 0xaa, 0x41, 0x02,
    0x27, 0x10, 0x10, 0x0b, 0xbe, 0x86, 0x20, 0x0c, 0xc9, 0x25, 0xb5, 0x68, 0x57, 0xb3, 0x85, 0x6f, 0x20, 0x09, 0xd4, 0x66, 0xb9, 0x9f, 0xe4, 0x61, 0xce, 0x0e,
    0xf9, 0xde, 0x5e, 0x98, 0xc9, 0xd9, 0x29, 0x22, 0x98, 0xd0, 0xb0, 0xb4, 0xa8, 0xd7, 0xc7, 0x17, 0x3d, 0xb3, 0x59, 0x81, 0x0d, 0xb4, 0x2e, 0x3b, 0x5c, 0xbd,
    0xb7, 0xad, 0x6c, 0xba, 0xc0, 0x20, 0x83, 0xb8, 0xed, 0xb6, 0xb3, 0xbf, 0x9a, 0x0c, 0xe2, 0xb6, 0x03, 0x9a, 0xd2, 0xb1, 0x74, 0x39, 0x47, 0xd5, 0xea, 0xaf,
    0x77, 0xd2, 0x9d, 0x15, 0x26, 0xdb, 0x04, 0x83, 0x16, 0xdc, 0x73, 0x12, 0x0b, 0x63, 0xe3, 0x84, 0x3b, 0x64, 0x94, 0x3e, 0x6a, 0x6d, 0x0d, 0xa8, 0x5a, 0x6a,
    0x7a, 0x0b, 0xcf, 0x0e, 0xe4, 0x9d, 0xff, 0x09, 0x93, 0x27, 0xae, 0x00, 0x0a, 0xb1, 0x9e, 0x07, 0x7d, 0x44, 0x93, 0x0f, 0xf0, 0xd2, 0xa3, 0x08, 0x87, 0x68,
    0xf2, 0x01, 0x1e, 0xfe, 0xc2, 0x06, 0x69, 0x5d, 0x57, 0x62, 0xf7, 0xcb, 0x67, 0x65, 0x80, 0x71, 0x36, 0x6c, 0x19, 0xe7, 0x06, 0x6b, 0x6e, 0x76, 0x1b, 0xd4,
    0xfe, 0xe0, 0x2b, 0xd3, 0x89, 0x5a, 0x7a, 0xda, 0x10, 0xcc, 0x4a, 0xdd, 0x67, 0x6f, 0xdf, 0xb9, 0xf9, 0xf9, 0xef, 0xbe, 0x8e, 0x43, 0xbe, 0xb7, 0x17, 0xd5,
    0x8e, 0xb0, 0x60, 0xe8, 0xa3, 0xd6, 0xd6, 0x7e, 0x93, 0xd1, 0xa1, 0xc4, 0xc2, 0xd8, 0x38, 0x52, 0xf2, 0xdf, 0x4f, 0xf1, 0x67, 0xbb, 0xd1, 0x67, 0x57, 0xbc,
    0xa6, 0xdd, 0x06, 0xb5, 0x3f, 0x4b, 0x36, 0xb2, 0x48, 0xda, 0x2b, 0x0d, 0xd8, 0x4c, 0x1b, 0x0a, 0xaf, 0xf6, 0x4a, 0x03, 0x36, 0x60, 0x7a, 0x04, 0x41, 0xc3,
    0xef, 0x60, 0xdf, 0x55, 0xdf, 0x67, 0xa8, 0xef, 0x8e, 0x6e, 0x31, 0x79, 0xbe, 0x69, 0x46, 0x8c, 0xb3, 0x61, 0xcb, 0x1a, 0x83, 0x66, 0xbc, 0xa0, 0xd2, 0x6f,
    0x25, 0x36, 0xe2, 0x68, 0x52, 0x95, 0x77, 0x0c, 0xcc, 0x03, 0x47, 0x0b, 0xbb, 0xb9, 0x16, 0x02, 0x22, 0x2f, 0x26, 0x05, 0x55, 0xbe, 0x3b, 0xba, 0xc5, 0x28,
    0x0b, 0xbd, 0xb2, 0x92, 0x5a, 0xb4, 0x2b, 0x04, 0x6a, 0xb3, 0x5c, 0xa7, 0xff, 0xd7, 0xc2, 0x31, 0xcf, 0xd0, 0xb5, 0x8b, 0x9e, 0xd9, 0x2c, 0x1d, 0xae, 0xde,
    0x5b, 0xb0, 0xc2, 0x64, 0x9b, 0x26, 0xf2, 0x63, 0xec, 0x9c, 0xa3, 0x6a, 0x75, 0x0a, 0x93, 0x6d, 0x02, 0xa9, 0x06, 0x09, 0x9c, 0x3f, 0x36, 0x0e, 0xeb, 0x85,
    0x67, 0x07, 0x72, 0x13, 0x57, 0x00, 0x05, 0x82, 0x4a, 0xbf, 0x95, 0x14, 0x7a, 0xb8, 0xe2, 0xae, 0x2b, 0xb1, 0x7b, 0x38, 0x1b, 0xb6, 0x0c, 0x9b, 0x8e, 0xd2,
    0x92, 0x0d, 0xbe, 0xd5, 0xe5, 0xb7, 0xef, 0xdc, 0x7c, 0x21, 0xdf, 0xdb, 0x0b, 0xd4, 0xd2, 0xd3, 0x86, 0x42, 0xe2, 0xd4, 0xf1, 0xf8, 0xb3, 0xdd, 0x68, 0x6e,
    0x83, 0xda, 0x1f, 0xcd, 0x16, 0xbe, 0x81, 0x5b, 0x26, 0xb9, 0xf6, 0xe1, 0x77, 0xb0, 0x6f, 0x77, 0x47, 0xb7, 0x18, 0xe6, 0x5a, 0x08, 0x88, 0x70, 0x6a, 0x0f,
    0xff, 0xca, 0x3b, 0x06, 0x66, 0x5c, 0x0b, 0x01, 0x11, 0xff, 0x9e, 0x65, 0x8f, 0x69, 0xae, 0x62, 0xf8, 0xd3, 0xff, 0x6b, 0x61, 0x45, 0xcf, 0x6c, 0x16, 0x78,
    0xe2, 0x0a, 0xa0, 0xee, 0xd2, 0x0d, 0xd7, 0x54, 0x83, 0x04, 0x4e, 0xc2, 0xb3, 0x03, 0x39, 0x61, 0x26, 0x67, 0xa7, 0xf7, 0x16, 0x60, 0xd0, 0x4d, 0x47, 0x69,
    0x49, 0xdb, 0x77, 0x6e, 0x3e, 0x4a, 0x6a, 0xd1, 0xae, 0xdc, 0x5a, 0xd6, 0xd9, 0x66, 0x0b, 0xdf, 0x40, 0xf0, 0x3b, 0xd8, 0x37, 0x53, 0xae, 0xbc, 0xa9, 0xc5,
    0x9e, 0xbb, 0xde, 0x7f, 0xcf, 0xb2, 0x47, 0xe9, 0xff, 0xb5, 0x30, 0x1c, 0xf2, 0xbd, 0xbd, 0x8a, 0xc2, 0xba, 0xca, 0x30, 0x93, 0xb3, 0x53, 0xa6, 0xa3, 0xb4,
    0x24, 0x05, 0x36, 0xd0, 0xba, 0x93, 0x06, 0xd7, 0xcd, 0x29, 0x57, 0xde, 0x54, 0xbf, 0x67, 0xd9, 0x23, 0x2e, 0x7a, 0x66, 0xb3, 0xb8, 0x4a, 0x61, 0xc4, 0x02,
    0x1b, 0x68, 0x5d, 0x94, 0x2b, 0x6f, 0x2a, 0x37, 0xbe, 0x0b, 0xb4, 0xa1, 0x8e, 0x0c, 0xc3, 0x1b, 0xdf, 0x05, 0x5a, 0x8d, 0xef, 0x02, 0x2d, 0x00, 0xf8, 0x01,
    0x04, 0x6e, 0x61, 0x6d, 0x65, 0x00, 0x0a, 0x09, 0x7a, 0x6c, 0x69, 0x62, 0x2e, 0x77, 0x61, 0x73, 0x6d, 0x01, 0xc4, 0x01, 0x10, 0x00, 0x0e, 0x67, 0x75, 0x65,
    0x73, 0x74, 0x5f, 0x7a, 0x6c, 0x69, 0x62, 0x5f, 0x72, 0x75, 0x6e, 0x01, 0x0b, 0x67, 0x75, 0x65, 0x73, 0x74, 0x5f, 0x7a, 0x66, 0x72, 0x65, 0x65, 0x02, 0x0c,
    0x67, 0x75, 0x65, 0x73, 0x74, 0x5f, 0x7a, 0x61, 0x6c, 0x6c, 0x6f, 0x63, 0x03, 0x0d, 0x69, 0x6e, 0x66, 0x6c, 0x61, 0x74, 0x65, 0x52, 0x65, 0x73, 0x65, 0x74,
    0x32, 0x04, 0x0d, 0x69, 0x6e, 0x66, 0x6c, 0x61, 0x74, 0x65, 0x49, 0x6e, 0x69, 0x74, 0x32, 0x5f, 0x05, 0x07, 0x69, 0x6e, 0x66, 0x6c, 0x61, 0x74, 0x65, 0x06,
    0x0c, 0x75, 0x70, 0x64, 0x61, 0x74, 0x65, 0x77, 0x69, 0x6e, 0x64, 0x6f, 0x77, 0x07, 0x0d, 0x69, 0x6e, 0x66, 0x6c, 0x61, 0x74, 0x65, 0x5f, 0x74, 0x61, 0x62,
    0x6c, 0x65, 0x08, 0x0d, 0x69, 0x6e, 0x66, 0x6c, 0x61, 0x74, 0x65, 0x5f, 0x66, 0x69, 0x78, 0x65, 0x64, 0x09, 0x0c, 0x69, 0x6e, 0x66, 0x6c, 0x61, 0x74, 0x65,
    0x5f, 0x66, 0x61, 0x73, 0x74, 0x0a, 0x09, 0x61, 0x64, 0x6c, 0x65, 0x72, 0x33, 0x32, 0x5f, 0x7a, 0x0b, 0x07, 0x61, 0x64, 0x6c, 0x65, 0x72, 0x33, 0x32, 0x0c,
    0x07, 0x63, 0x72, 0x63, 0x33, 0x32, 0x5f, 0x7a, 0x0d, 0x05, 0x63, 0x72, 0x63, 0x33, 0x32, 0x0e, 0x07, 0x7a, 0x6d, 0x65, 0x6d, 0x63, 0x70, 0x79, 0x0f, 0x08,
    0x7a, 0x6d, 0x65, 0x6d, 0x7a, 0x65, 0x72, 0x6f, 0x07, 0x12, 0x01, 0x00, 0x0f, 0x5f, 0x5f, 0x73, 0x74, 0x61, 0x63, 0x6b, 0x5f, 0x70, 0x6f, 0x69, 0x6e, 0x74,
    0x65, 0x72, 0x09, 0x0a, 0x01, 0x00, 0x07, 0x2e, 0x72, 0x6f, 0x64, 0x61, 0x74, 0x61, 0x00, 0x26, 0x09, 0x70, 0x72, 0x6f, 0x64, 0x75, 0x63, 0x65, 0x72, 0x73,
    0x01, 0x0c, 0x70, 0x72, 0x6f, 0x63, 0x65, 0x73, 0x73, 0x65, 0x64, 0x2d, 0x62, 0x79, 0x01, 0x05, 0x63, 0x6c, 0x61, 0x6e, 0x67, 0x06, 0x32, 0x31, 0x2e, 0x31,
    0x2e, 0x38
};
#define zlib_wasm_module_len ((unsigned)sizeof(zlib_wasm_module))
